jadwal,storecode,storename,storebranch,flagroute
SENIN WEEK 1,1YB8,ARIE LASUT MANADO [ALMA],1YZ1,1Y14
SENIN WEEK 1,1Y6H,KOMBOS BARAT [KOBT],1YZ1,1Y14
SENIN WEEK 1,1YBC,TERNATE BARU,1YZ1,1Y14
SENIN WEEK 1,1Y94,DENDENGAN LUAR MDO [DENA],1YZ1,1Y14
SENIN WEEK 1,1Y99,WONASA MANADO [WOMA],1YZ1,1Y14
SENIN WEEK 1,1Y8C,*TUMINTING MANADO [TUDO],1YZ1,1Y14
SENIN WEEK 1,1Y1L,SINDULANG MANADO [SINO],1YZ1,1Y14
SENIN WEEK 1,1YAA,BOULEVARD DUA [BODU],1YZ1,1Y14
SENIN WEEK 1,1Y21,HASANUDIN MANADO [HSMO],1YZ1,1Y14
SENIN WEEK 1,1Y41,POGIDON [PGDO],1YZ1,1Y14
SENIN WEEK 1,1Y7U,BAILANG MANADO/F [BMDO],1YZ1,1Y14
SENIN WEEK 1,1YD1,SANTIAGO MANADO [SNMA],1YZ1,1Y14
SENIN WEEK 1,1Y1X,SINGKIL MANADO [ILDO],1YZ1,1Y14
SENIN WEEK 1,1Y8L,BENGAWAN SOLO MANADO [BEWA],1YZ1,1Y14
SENIN WEEK 1,1YBA,SADANG SUMOMPO,1YZ1,1Y14
SELASA WEEK 1,1Y9W,TINGKULU MANADO [TIMA],1YZ1,1Y14
SELASA WEEK 1,1Y4U,RINGROAD WANEA [RIWA],1YZ1,1Y14
SELASA WEEK 1,1Y3L,NEW CITRALAND [NECI],1YZ1,1Y14
SELASA WEEK 1,1YA2,WINANGUN ATAS MNHS [WISA],1YZ1,1Y14
SELASA WEEK 1,1YI3,MANADO-TOMOHON KM. 7 [MAKM],1YZ1,1Y14
SELASA WEEK 1,1Y38,PINELENG [PLEG],1YZ1,1Y14
SELASA WEEK 1,1Y9P,PINELENG DUA MNHSA [PIDU],1YZ1,1Y14
SELASA WEEK 1,1YD9,WINANGUN MANADO [WIMA],1YZ1,1Y14
SELASA WEEK 1,1Y9R,WINANGUN DUA MANADO [WNGN],1YZ1,1Y14
SELASA WEEK 1,1YS2,KLEAK MANADO [KLEM],1YZ1,1Y14
SELASA WEEK 1,1YX9,BAHU MANADO [BAHM],1YZ1,1Y14
SELASA WEEK 1,1YAG,PULAU SULAWESI/F [PSEI],1YZ1,1Y14
SELASA WEEK 1,1YAR,KRIDA MANADO [KRDO],1YZ1,1Y14
SELASA WEEK 1,1Y1Y,PARIGI TUJUH ATAS [PTUS],1YZ1,1Y14
SELASA WEEK 1,1Y2C,PARIGI MANADO [PADO],1YZ1,1Y14
RABU WEEK 1,1YBH,KALAWAT RAYA,1YZ1,1Y14
RABU WEEK 1,1Y8O,BRIGHT IR. SOEKARNO [BRIR],1YZ1,1Y14
RABU WEEK 1,1Y8E,IR. SOEKARNO KALAWAT [IRAT],1YZ1,1Y14
RABU WEEK 1,1YAS,ZERO POINT AIRMADIDI [ZPAI],1YZ1,1Y14
RABU WEEK 1,1Y7O,RAYA IR. SOEKARNO [RISO],1YZ1,1Y14
RABU WEEK 1,1Y7N,IR SOEKARNO ARMDIDI [ISAR],1YZ1,1Y14
RABU WEEK 1,1Y5D,IR. SOEKARNO [IRSO],1YZ1,1Y14
RABU WEEK 1,1Y1R,TUMALUNTUNG MINUT [TUUT],1YZ1,1Y14
RABU WEEK 1,1Y6Y,TUMALUNTUNG KAUDITAN [TUMA],1YZ1,1Y14
RABU WEEK 1,1Y07,LEMBEAN[LEME],1YZ1,1Y14
RABU WEEK 1,1YBF,KAWILEY KAUDITAN,1YZ1,1Y14
RABU WEEK 1,1Y1F,KAWILEY MINUT [KAWN],1YZ1,1Y14
RABU WEEK 1,1Y4Y,RAYA KAUDITAN SATU [RAUD],1YZ1,1Y14
RABU WEEK 1,1Y80,KAUDITAN MINUT [KAMI],1YZ1,1Y14
RABU WEEK 1,1YS8,DC KAREGESAN [DCAN],1YZ1,1Y14
KAMIS WEEK 1,1Y10,JENSUD MANADO [JSMO],1YZ1,1Y14
KAMIS WEEK 1,1Y6L,TAMAN KESATUANBANGSA [TKEB],1YZ1,1Y14
KAMIS WEEK 1,1YAI,CALACA [CACA],1YZ1,1Y14
KAMIS WEEK 1,1Y4J,SARAPUNG [SAAP],1YZ1,1Y14
KAMIS WEEK 1,1Y69,GARUDA MANADO [GRMA],1YZ1,1Y14
KAMIS WEEK 1,1Y71,SAMRATULANGI MDO [SMNO],1YZ1,1Y14
KAMIS WEEK 1,1YD4,RS. PANCARAN KASIH [RSPH],1YZ1,1Y14
KAMIS WEEK 1,1Y6P,TITIWUNGEN SELATAN /F [TISE],1YZ1,1Y14
KAMIS WEEK 1,1Y65,PEMUDA MANADO [PMNO],1YZ1,1Y14
KAMIS WEEK 1,1Y58,PRAMUKA MANADO [PRMO],1YZ1,1Y14
KAMIS WEEK 1,1Y52,BETHESDA MANADO [BSDA],1YZ1,1Y14
KAMIS WEEK 1,1Y48,A. YANI MANADO [AYMA],1YZ1,1Y14
KAMIS WEEK 1,1Y91,BOULEVARD SARIO MDO [BSMO],1YZ1,1Y14
KAMIS WEEK 1,1Y06,PIERE TENDEAN [PIET],1YZ1,1Y14
KAMIS WEEK 1,1Y8G,TITIWUNGEN UTARA [TIEN],1YZ1,1Y14
JUMAT WEEK 1,1Y5I,RING ROAD DUA MANADO [RIDO],1YZ1,1Y14
JUMAT WEEK 1,1Y7P,IR. SOEKARNO 138 [IRKN],1YZ1,1Y14
JUMAT WEEK 1,1YI1,WATUDAMBO MINUT [WAUT],1YZ1,1Y14
JUMAT WEEK 1,1Y5T,SAGERAT MATUARI [SAGE],1YZ1,1Y14
JUMAT WEEK 1,1Y64,SAGERAT BITUNG [STBG],1YZ1,1Y14
JUMAT WEEK 1,1Y56,TERM. TANGKOKO BTG [TTKO],1YZ1,1Y14
JUMAT WEEK 1,1Y2U,RAYA MATUARI [RAYI],1YZ1,1Y14
JUMAT WEEK 1,1YW1,MANEMBONEMBO MATUARI[MBOM],1YZ1,1Y14
JUMAT WEEK 1,1Y24,SARUNDAJANG BITUNG [SDBI],1YZ1,1Y14
JUMAT WEEK 1,1YB5,GIRIAN INDAH BITUNG [GIIN],1YZ1,1Y14
JUMAT WEEK 1,1Y57,GIRIAN PERMAI BITUNG [GPBG],1YZ1,1Y14
JUMAT WEEK 1,1Y7G,WANGURER ERPAK/F [WAER],1YZ1,1Y14
JUMAT WEEK 1,1YB4,MADIDIR BITUNG [MBTG],1YZ1,1Y14
JUMAT WEEK 1,1Y77,LEMBE PERMAI BITUNG [LPBG],1YZ1,1Y14
SABTU WEEK 1,1Y5E,GANDARIA GPI [GANI],1YZ1,1Y14
SABTU WEEK 1,1Y7E,DAHLIA GPI/F [DAPI],1YZ1,1Y14
SABTU WEEK 1,1Y8T,BANDARA SAMRATULANGI [BSAR],1YZ1,1Y14
SABTU WEEK 1,1Y9N,BNDRSAMRATULANGI MDO [BSDO],1YZ1,1Y14
SABTU WEEK 1,1Y42,ADIPURA [ADRA],1YZ1,1Y14
SABTU WEEK 1,1Y40,PANIKI BAWAH MPGT[PBWM],1YZ1,1Y14
SABTU WEEK 1,1Y87,KAIRAGI 1 MANADO [K1MA],1YZ1,1Y14
SABTU WEEK 1,1Y1E,POLI. KAIRAGI DUA [POLD],1YZ1,1Y14
SABTU WEEK 1,1Y60,POLITEKNIK RAYA MDO [POMO],1YZ1,1Y14
SABTU WEEK 1,1YW3,POLITEKNIK BUHA [POHA],1YZ1,1Y14
SENIN WEEK 2,1Y59,14 FEBRUARI MANADO [14MO],1YZ1,1Y14
SENIN WEEK 2,1Y67,TOLOLIU SUPIT MDO [TSMO],1YZ1,1Y14
SENIN WEEK 2,1Y20,17 AGUSTUS [17AS],1YZ1,1Y14
SENIN WEEK 2,1Y45,ARNOLD MONONUTU [ARMO],1YZ1,1Y14
SENIN WEEK 2,1Y84,KANAAN MANADO [KANA],1YZ1,1Y14
SENIN WEEK 2,1YA4,KAROMBASAN UTARA MDO [KARO],1YZ1,1Y14
SENIN WEEK 2,1Y5Y,SAMRAT KAROMBASAN [SARO],1YZ1,1Y14
SENIN WEEK 2,1YC4,SAMRAT RANOTANA MDO [SRMO],1YZ1,1Y14
SENIN WEEK 2,1Y14,MALALAYANG [MLYA],1YZ1,1Y14
SENIN WEEK 2,1Y54,WOLTER MONGINSIDI [WODI],1YZ1,1Y14
SENIN WEEK 2,1YC6,MALALAYANG TERM. MDO [MTMA],1YZ1,1Y14
SENIN WEEK 2,1Y5A,MALALAYANG BARU [MALU],1YZ1,1Y14
SENIN WEEK 2,1Y53,MALALAYANG 1 TIMUR [ML1T],1YZ1,1Y14
SENIN WEEK 2,1YX1,MEGAMAS BOULEVARD [MEGS],1YZ1,1Y14
SENIN WEEK 2,1Y6N,RUKO MEGA PROFIT [RUPR],1YZ1,1Y14
SELASA WEEK 2,1Y92,YOS SUDARSO MANADO [YOSU],1YZ1,1Y14
SELASA WEEK 2,1Y95,PAAL 2 MANADO [PAL2],1YZ1,1Y14
SELASA WEEK 2,1Y9U,MARTADINATA PAAL DUA [MAAL],1YZ1,1Y14
SELASA WEEK 2,1Y6O,B. W. LAPIAN [BWLA],1YZ1,1Y14
SELASA WEEK 2,1Y73,BALAI KOTA MANADO [BAMO],1YZ1,1Y14
SELASA WEEK 2,1Y70,WR SUPRATMAN MDO [WSMO],1YZ1,1Y14
SELASA WEEK 2,1Y39,TIKALA ARES MDO[TARS],1YZ1,1Y14
SELASA WEEK 2,1YB1,TIKALA MANADO [TIKA],1YZ1,1Y14
SELASA WEEK 2,1Y63,DAAN MOGOT MANADO [DAMA],1YZ1,1Y14
SELASA WEEK 2,1Y46,PINGKAN MATINDAS [PIAS],1YZ1,1Y14
SELASA WEEK 2,1Y2L,RANOMUUT MANADO [ROMA],1YZ1,1Y14
SELASA WEEK 2,1YC3,PERKAMIL MANADO [PERK],1YZ1,1Y14
SELASA WEEK 2,1YD6,MANGUNI RAYA MANADO [MAMA],1YZ1,1Y14
SELASA WEEK 2,1Y9X,CENDRAWASIH MANADO [CEMA],1YZ1,1Y14
SELASA WEEK 2,1Y1M,PAAL EMPAT MANADO [PALE],1YZ1,1Y14
RABU WEEK 2,1Y4O,TAMANSARI/F [TANS],1YZ1,1Y14
RABU WEEK 2,1Y26,WATUTUMOU MINUT [WAMI],1YZ1,1Y14
RABU WEEK 2,1Y37,KOLONGAN TETEMPANGAN [KOTE],1YZ1,1Y14
RABU WEEK 2,1Y9L,PERUM KAWARU [PRKW],1YZ1,1Y14
RABU WEEK 2,1YA7,KOLONGAN ASABRI MNT [KOAS],1YZ1,1Y14
RABU WEEK 2,1Y27,KOLONGAN MINUT [KOMI],1YZ1,1Y14
RABU WEEK 2,1YD7,SUKUR MINUT [SKMT],1YZ1,1Y14
RABU WEEK 2,1Y2H,RAYA SUKUR [RAYS],1YZ1,1Y14
RABU WEEK 2,1YAO,SARONGSONG SATU ARMD [SROA],1YZ1,1Y14
RABU WEEK 2,1Y44,AIRMADIDI MINUT [AIMI],1YZ1,1Y14
RABU WEEK 2,1YA6,AIRMADIDI RAYA MINUT [AIRR],1YZ1,1Y14
RABU WEEK 2,1Y01,SARONGSONG I [SRO1],1YZ1,1Y14
RABU WEEK 2,1Y8D,SAWANGAN AIRMADIDI [SAIR],1YZ1,1Y14
RABU WEEK 2,1Y47,ARNOLD MONOMUTU MINU [ARMI],1YZ1,1Y14
RABU WEEK 2,1Y17,AIRMADIDI ATAS[AIDI],1YZ1,1Y14
KAMIS WEEK 2,1YAD,AKASIA GPI [AKPI],1YZ1,1Y14
KAMIS WEEK 2,1Y08,AA MARAMIS [AMIS],1YZ1,1Y14
KAMIS WEEK 2,1Y09,MAPANGET RAYA [MPER],1YZ1,1Y14
KAMIS WEEK 2,1Y6W,*TALAWAAN MINUT [TALM],1YZ1,1Y14
KAMIS WEEK 2,1YI9,MAPANGET MINUT [MTMT],1YZ1,1Y14
KAMIS WEEK 2,1Y28,KOLONGAN RAYA MINUT [KRMT],1YZ1,1Y14
KAMIS WEEK 2,1Y7R,KOLONGAN TALAWAAN/F [KOTN],1YZ1,1Y14
KAMIS WEEK 2,1Y9S,DIMEMBE [DMBE],1YZ1,1Y14
KAMIS WEEK 2,1Y8F,LAIKIT MINUT [LAMI],1YZ1,1Y14
KAMIS WEEK 2,1Y32,MATUNGKAS 2 [MTU2],1YZ1,1Y14
KAMIS WEEK 2,1Y29,MATUNGKAS MINUT [MTKM],1YZ1,1Y14
KAMIS WEEK 2,1Y1K,MATUNGKAS RAYA [MATR],1YZ1,1Y14
KAMIS WEEK 2,1YX6,ZERO POINT MINUT [ZEPO],1YZ1,1Y14
KAMIS WEEK 2,1Y15,PURI KELAPA GADING [PKGA],1YZ1,1Y14
KAMIS WEEK 2,1Y1O,PANIKI ATAS MINUT [PAMT],1YZ1,1Y14
JUMAT WEEK 2,1YAP,KALAWAT MINUT [KAUT],1YZ1,1Y14
JUMAT WEEK 2,1Y3G,KAUDITAN SATU [KNST],1YZ1,1Y14
JUMAT WEEK 2,1Y3F,TRANS KAUDITAN [TRAK],1YZ1,1Y14
JUMAT WEEK 2,1Y6V,*WATUDAMBO KAUDITAN [WAAN],1YZ1,1Y14
JUMAT WEEK 2,1Y4A,MATUARI TENGAH [MAAH],1YZ1,1Y14
JUMAT WEEK 2,1Y2T,MANEMBO NEMBO RAYA [MARU],1YZ1,1Y14
JUMAT WEEK 2,1Y5P,MANEMBO - NEMBO [MANE],1YZ1,1Y14
JUMAT WEEK 2,1Y3H,GIRIAN WERU [GIRW],1YZ1,1Y14
JUMAT WEEK 2,1Y4E,GIRIAN ATAS [GIAT],1YZ1,1Y14
JUMAT WEEK 2,1Y22,W MONGINSIDI BITUNG [WMBG],1YZ1,1Y14
JUMAT WEEK 2,1Y13,GIRIAN BITUNG [GIBI],1YZ1,1Y14
JUMAT WEEK 2,1Y33,VETERAN BITUNG [VEBI],1YZ1,1Y14
JUMAT WEEK 2,1Y3T,GIRIAN BAWAH/F [GIBA],1YZ1,1Y14
JUMAT WEEK 2,1Y7H,LENGKONG BITUNG/F [LEBI],1YZ1,1Y14
SABTU WEEK 2,1Y96,GRIYA PANIKI INDAH M [GPIM],1YZ1,1Y14
SABTU WEEK 2,1Y4M,KOKA MAPANGET [KOET],1YZ1,1Y14
SABTU WEEK 2,1Y68,KOKA MANADO [KAMO],1YZ1,1Y14
SABTU WEEK 2,1Y11,MAPANGET TETERUSAN [MATE],1YZ1,1Y14
SABTU WEEK 2,1Y7M,A.A MARAMIS MAPANGET [AMAM],1YZ1,1Y14
SABTU WEEK 2,1Y79,PANIKI BAWAH MANADO [PANA],1YZ1,1Y14
SABTU WEEK 2,1Y9V,PANIKI BAWAH [PAAH],1YZ1,1Y14
SABTU WEEK 2,1Y85,BUHA MANADO [BUDO],1YZ1,1Y14
SABTU WEEK 2,1YAY,BENGKOL MANADO,1YZ1,1Y14
SABTU WEEK 2,1YS5,PANDU MANADO [PUDO],1YZ1,1Y14
SENIN WEEK 3,1YB8,ARIE LASUT MANADO [ALMA],1YZ1,1Y14
SENIN WEEK 3,1Y6H,KOMBOS BARAT [KOBT],1YZ1,1Y14
SENIN WEEK 3,1YBC,TERNATE BARU,1YZ1,1Y14
SENIN WEEK 3,1Y94,DENDENGAN LUAR MDO [DENA],1YZ1,1Y14
SENIN WEEK 3,1Y99,WONASA MANADO [WOMA],1YZ1,1Y14
SENIN WEEK 3,1Y8C,*TUMINTING MANADO [TUDO],1YZ1,1Y14
SENIN WEEK 3,1Y1L,SINDULANG MANADO [SINO],1YZ1,1Y14
SENIN WEEK 3,1YAA,BOULEVARD DUA [BODU],1YZ1,1Y14
SENIN WEEK 3,1Y21,HASANUDIN MANADO [HSMO],1YZ1,1Y14
SENIN WEEK 3,1Y41,POGIDON [PGDO],1YZ1,1Y14
SENIN WEEK 3,1Y7U,BAILANG MANADO/F [BMDO],1YZ1,1Y14
SENIN WEEK 3,1YD1,SANTIAGO MANADO [SNMA],1YZ1,1Y14
SENIN WEEK 3,1Y1X,SINGKIL MANADO [ILDO],1YZ1,1Y14
SENIN WEEK 3,1Y8L,BENGAWAN SOLO MANADO [BEWA],1YZ1,1Y14
SENIN WEEK 3,1YBA,SADANG SUMOMPO,1YZ1,1Y14
SELASA WEEK 3,1Y9W,TINGKULU MANADO [TIMA],1YZ1,1Y14
SELASA WEEK 3,1Y4U,RINGROAD WANEA [RIWA],1YZ1,1Y14
SELASA WEEK 3,1Y3L,NEW CITRALAND [NECI],1YZ1,1Y14
SELASA WEEK 3,1YA2,WINANGUN ATAS MNHS [WISA],1YZ1,1Y14
SELASA WEEK 3,1YI3,MANADO-TOMOHON KM. 7 [MAKM],1YZ1,1Y14
SELASA WEEK 3,1Y38,PINELENG [PLEG],1YZ1,1Y14
SELASA WEEK 3,1Y9P,PINELENG DUA MNHSA [PIDU],1YZ1,1Y14
SELASA WEEK 3,1YD9,WINANGUN MANADO [WIMA],1YZ1,1Y14
SELASA WEEK 3,1Y9R,WINANGUN DUA MANADO [WNGN],1YZ1,1Y14
SELASA WEEK 3,1YS2,KLEAK MANADO [KLEM],1YZ1,1Y14
SELASA WEEK 3,1YX9,BAHU MANADO [BAHM],1YZ1,1Y14
SELASA WEEK 3,1YAG,PULAU SULAWESI/F [PSEI],1YZ1,1Y14
SELASA WEEK 3,1YAR,KRIDA MANADO [KRDO],1YZ1,1Y14
SELASA WEEK 3,1Y1Y,PARIGI TUJUH ATAS [PTUS],1YZ1,1Y14
SELASA WEEK 3,1Y2C,PARIGI MANADO [PADO],1YZ1,1Y14
RABU WEEK 3,1YBH,KALAWAT RAYA,1YZ1,1Y14
RABU WEEK 3,1Y8O,BRIGHT IR. SOEKARNO [BRIR],1YZ1,1Y14
RABU WEEK 3,1Y8E,IR. SOEKARNO KALAWAT [IRAT],1YZ1,1Y14
RABU WEEK 3,1YAS,ZERO POINT AIRMADIDI [ZPAI],1YZ1,1Y14
RABU WEEK 3,1Y7O,RAYA IR. SOEKARNO [RISO],1YZ1,1Y14
RABU WEEK 3,1Y7N,IR SOEKARNO ARMDIDI [ISAR],1YZ1,1Y14
RABU WEEK 3,1Y5D,IR. SOEKARNO [IRSO],1YZ1,1Y14
RABU WEEK 3,1Y1R,TUMALUNTUNG MINUT [TUUT],1YZ1,1Y14
RABU WEEK 3,1Y6Y,TUMALUNTUNG KAUDITAN [TUMA],1YZ1,1Y14
RABU WEEK 3,1Y07,LEMBEAN[LEME],1YZ1,1Y14
RABU WEEK 3,1YBF,KAWILEY KAUDITAN,1YZ1,1Y14
RABU WEEK 3,1Y1F,KAWILEY MINUT [KAWN],1YZ1,1Y14
RABU WEEK 3,1Y4Y,RAYA KAUDITAN SATU [RAUD],1YZ1,1Y14
RABU WEEK 3,1Y80,KAUDITAN MINUT [KAMI],1YZ1,1Y14
RABU WEEK 3,1YS8,DC KAREGESAN [DCAN],1YZ1,1Y14
KAMIS WEEK 3,1Y10,JENSUD MANADO [JSMO],1YZ1,1Y14
KAMIS WEEK 3,1Y6L,TAMAN KESATUANBANGSA [TKEB],1YZ1,1Y14
KAMIS WEEK 3,1YAI,CALACA [CACA],1YZ1,1Y14
KAMIS WEEK 3,1Y4J,SARAPUNG [SAAP],1YZ1,1Y14
KAMIS WEEK 3,1Y69,GARUDA MANADO [GRMA],1YZ1,1Y14
KAMIS WEEK 3,1Y71,SAMRATULANGI MDO [SMNO],1YZ1,1Y14
KAMIS WEEK 3,1YD4,RS. PANCARAN KASIH [RSPH],1YZ1,1Y14
KAMIS WEEK 3,1Y6P,TITIWUNGEN SELATAN /F [TISE],1YZ1,1Y14
KAMIS WEEK 3,1Y65,PEMUDA MANADO [PMNO],1YZ1,1Y14
KAMIS WEEK 3,1Y58,PRAMUKA MANADO [PRMO],1YZ1,1Y14
KAMIS WEEK 3,1Y52,BETHESDA MANADO [BSDA],1YZ1,1Y14
KAMIS WEEK 3,1Y48,A. YANI MANADO [AYMA],1YZ1,1Y14
KAMIS WEEK 3,1Y91,BOULEVARD SARIO MDO [BSMO],1YZ1,1Y14
KAMIS WEEK 3,1Y06,PIERE TENDEAN [PIET],1YZ1,1Y14
KAMIS WEEK 3,1Y8G,TITIWUNGEN UTARA [TIEN],1YZ1,1Y14
JUMAT WEEK 3,1Y5I,RING ROAD DUA MANADO [RIDO],1YZ1,1Y14
JUMAT WEEK 3,1Y7P,IR. SOEKARNO 138 [IRKN],1YZ1,1Y14
JUMAT WEEK 3,1YI1,WATUDAMBO MINUT [WAUT],1YZ1,1Y14
JUMAT WEEK 3,1Y5T,SAGERAT MATUARI [SAGE],1YZ1,1Y14
JUMAT WEEK 3,1Y64,SAGERAT BITUNG [STBG],1YZ1,1Y14
JUMAT WEEK 3,1Y56,TERM. TANGKOKO BTG [TTKO],1YZ1,1Y14
JUMAT WEEK 3,1Y2U,RAYA MATUARI [RAYI],1YZ1,1Y14
JUMAT WEEK 3,1YW1,MANEMBONEMBO MATUARI[MBOM],1YZ1,1Y14
JUMAT WEEK 3,1Y24,SARUNDAJANG BITUNG [SDBI],1YZ1,1Y14
JUMAT WEEK 3,1YB5,GIRIAN INDAH BITUNG [GIIN],1YZ1,1Y14
JUMAT WEEK 3,1Y57,GIRIAN PERMAI BITUNG [GPBG],1YZ1,1Y14
JUMAT WEEK 3,1Y7G,WANGURER ERPAK/F [WAER],1YZ1,1Y14
JUMAT WEEK 3,1YB4,MADIDIR BITUNG [MBTG],1YZ1,1Y14
JUMAT WEEK 3,1Y77,LEMBE PERMAI BITUNG [LPBG],1YZ1,1Y14
SABTU WEEK 3,1Y5E,GANDARIA GPI [GANI],1YZ1,1Y14
SABTU WEEK 3,1Y7E,DAHLIA GPI/F [DAPI],1YZ1,1Y14
SABTU WEEK 3,1Y8T,BANDARA SAMRATULANGI [BSAR],1YZ1,1Y14
SABTU WEEK 3,1Y9N,BNDRSAMRATULANGI MDO [BSDO],1YZ1,1Y14
SABTU WEEK 3,1Y42,ADIPURA [ADRA],1YZ1,1Y14
SABTU WEEK 3,1Y40,PANIKI BAWAH MPGT[PBWM],1YZ1,1Y14
SABTU WEEK 3,1Y87,KAIRAGI 1 MANADO [K1MA],1YZ1,1Y14
SABTU WEEK 3,1Y1E,POLI. KAIRAGI DUA [POLD],1YZ1,1Y14
SABTU WEEK 3,1Y60,POLITEKNIK RAYA MDO [POMO],1YZ1,1Y14
SABTU WEEK 3,1YW3,POLITEKNIK BUHA [POHA],1YZ1,1Y14
SENIN WEEK 4,1Y59,14 FEBRUARI MANADO [14MO],1YZ1,1Y14
SENIN WEEK 4,1Y67,TOLOLIU SUPIT MDO [TSMO],1YZ1,1Y14
SENIN WEEK 4,1Y20,17 AGUSTUS [17AS],1YZ1,1Y14
SENIN WEEK 4,1Y45,ARNOLD MONONUTU [ARMO],1YZ1,1Y14
SENIN WEEK 4,1Y84,KANAAN MANADO [KANA],1YZ1,1Y14
SENIN WEEK 4,1YA4,KAROMBASAN UTARA MDO [KARO],1YZ1,1Y14
SENIN WEEK 4,1Y5Y,SAMRAT KAROMBASAN [SARO],1YZ1,1Y14
SENIN WEEK 4,1YC4,SAMRAT RANOTANA MDO [SRMO],1YZ1,1Y14
SENIN WEEK 4,1Y14,MALALAYANG [MLYA],1YZ1,1Y14
SENIN WEEK 4,1Y54,WOLTER MONGINSIDI [WODI],1YZ1,1Y14
SENIN WEEK 4,1YC6,MALALAYANG TERM. MDO [MTMA],1YZ1,1Y14
SENIN WEEK 4,1Y5A,MALALAYANG BARU [MALU],1YZ1,1Y14
SENIN WEEK 4,1Y53,MALALAYANG 1 TIMUR [ML1T],1YZ1,1Y14
SENIN WEEK 4,1YX1,MEGAMAS BOULEVARD [MEGS],1YZ1,1Y14
SENIN WEEK 4,1Y6N,RUKO MEGA PROFIT [RUPR],1YZ1,1Y14
SELASA WEEK 4,1Y92,YOS SUDARSO MANADO [YOSU],1YZ1,1Y14
SELASA WEEK 4,1Y95,PAAL 2 MANADO [PAL2],1YZ1,1Y14
SELASA WEEK 4,1Y9U,MARTADINATA PAAL DUA [MAAL],1YZ1,1Y14
SELASA WEEK 4,1Y6O,B. W. LAPIAN [BWLA],1YZ1,1Y14
SELASA WEEK 4,1Y73,BALAI KOTA MANADO [BAMO],1YZ1,1Y14
SELASA WEEK 4,1Y70,WR SUPRATMAN MDO [WSMO],1YZ1,1Y14
SELASA WEEK 4,1Y39,TIKALA ARES MDO[TARS],1YZ1,1Y14
SELASA WEEK 4,1YB1,TIKALA MANADO [TIKA],1YZ1,1Y14
SELASA WEEK 4,1Y63,DAAN MOGOT MANADO [DAMA],1YZ1,1Y14
SELASA WEEK 4,1Y46,PINGKAN MATINDAS [PIAS],1YZ1,1Y14
SELASA WEEK 4,1Y2L,RANOMUUT MANADO [ROMA],1YZ1,1Y14
SELASA WEEK 4,1YC3,PERKAMIL MANADO [PERK],1YZ1,1Y14
SELASA WEEK 4,1YD6,MANGUNI RAYA MANADO [MAMA],1YZ1,1Y14
SELASA WEEK 4,1Y9X,CENDRAWASIH MANADO [CEMA],1YZ1,1Y14
SELASA WEEK 4,1Y1M,PAAL EMPAT MANADO [PALE],1YZ1,1Y14
RABU WEEK 4,1Y4O,TAMANSARI/F [TANS],1YZ1,1Y14
RABU WEEK 4,1Y26,WATUTUMOU MINUT [WAMI],1YZ1,1Y14
RABU WEEK 4,1Y37,KOLONGAN TETEMPANGAN [KOTE],1YZ1,1Y14
RABU WEEK 4,1Y9L,PERUM KAWARU [PRKW],1YZ1,1Y14
RABU WEEK 4,1YA7,KOLONGAN ASABRI MNT [KOAS],1YZ1,1Y14
RABU WEEK 4,1Y27,KOLONGAN MINUT [KOMI],1YZ1,1Y14
RABU WEEK 4,1YD7,SUKUR MINUT [SKMT],1YZ1,1Y14
RABU WEEK 4,1Y2H,RAYA SUKUR [RAYS],1YZ1,1Y14
RABU WEEK 4,1YAO,SARONGSONG SATU ARMD [SROA],1YZ1,1Y14
RABU WEEK 4,1Y44,AIRMADIDI MINUT [AIMI],1YZ1,1Y14
RABU WEEK 4,1YA6,AIRMADIDI RAYA MINUT [AIRR],1YZ1,1Y14
RABU WEEK 4,1Y01,SARONGSONG I [SRO1],1YZ1,1Y14
RABU WEEK 4,1Y8D,SAWANGAN AIRMADIDI [SAIR],1YZ1,1Y14
RABU WEEK 4,1Y47,ARNOLD MONOMUTU MINU [ARMI],1YZ1,1Y14
RABU WEEK 4,1Y17,AIRMADIDI ATAS[AIDI],1YZ1,1Y14
KAMIS WEEK 4,1YAD,AKASIA GPI [AKPI],1YZ1,1Y14
KAMIS WEEK 4,1Y08,AA MARAMIS [AMIS],1YZ1,1Y14
KAMIS WEEK 4,1Y09,MAPANGET RAYA [MPER],1YZ1,1Y14
KAMIS WEEK 4,1Y6W,*TALAWAAN MINUT [TALM],1YZ1,1Y14
KAMIS WEEK 4,1YI9,MAPANGET MINUT [MTMT],1YZ1,1Y14
KAMIS WEEK 4,1Y28,KOLONGAN RAYA MINUT [KRMT],1YZ1,1Y14
KAMIS WEEK 4,1Y7R,KOLONGAN TALAWAAN/F [KOTN],1YZ1,1Y14
KAMIS WEEK 4,1Y9S,DIMEMBE [DMBE],1YZ1,1Y14
KAMIS WEEK 4,1Y8F,LAIKIT MINUT [LAMI],1YZ1,1Y14
KAMIS WEEK 4,1Y32,MATUNGKAS 2 [MTU2],1YZ1,1Y14
KAMIS WEEK 4,1Y29,MATUNGKAS MINUT [MTKM],1YZ1,1Y14
KAMIS WEEK 4,1Y1K,MATUNGKAS RAYA [MATR],1YZ1,1Y14
KAMIS WEEK 4,1YX6,ZERO POINT MINUT [ZEPO],1YZ1,1Y14
KAMIS WEEK 4,1Y15,PURI KELAPA GADING [PKGA],1YZ1,1Y14
KAMIS WEEK 4,1Y1O,PANIKI ATAS MINUT [PAMT],1YZ1,1Y14
JUMAT WEEK 4,1YAP,KALAWAT MINUT [KAUT],1YZ1,1Y14
JUMAT WEEK 4,1Y3G,KAUDITAN SATU [KNST],1YZ1,1Y14
JUMAT WEEK 4,1Y3F,TRANS KAUDITAN [TRAK],1YZ1,1Y14
JUMAT WEEK 4,1Y6V,*WATUDAMBO KAUDITAN [WAAN],1YZ1,1Y14
JUMAT WEEK 4,1Y4A,MATUARI TENGAH [MAAH],1YZ1,1Y14
JUMAT WEEK 4,1Y2T,MANEMBO NEMBO RAYA [MARU],1YZ1,1Y14
JUMAT WEEK 4,1Y5P,MANEMBO - NEMBO [MANE],1YZ1,1Y14
JUMAT WEEK 4,1Y3H,GIRIAN WERU [GIRW],1YZ1,1Y14
JUMAT WEEK 4,1Y4E,GIRIAN ATAS [GIAT],1YZ1,1Y14
JUMAT WEEK 4,1Y22,W MONGINSIDI BITUNG [WMBG],1YZ1,1Y14
JUMAT WEEK 4,1Y13,GIRIAN BITUNG [GIBI],1YZ1,1Y14
JUMAT WEEK 4,1Y33,VETERAN BITUNG [VEBI],1YZ1,1Y14
JUMAT WEEK 4,1Y3T,GIRIAN BAWAH/F [GIBA],1YZ1,1Y14
JUMAT WEEK 4,1Y7H,LENGKONG BITUNG/F [LEBI],1YZ1,1Y14
SABTU WEEK 4,1Y96,GRIYA PANIKI INDAH M [GPIM],1YZ1,1Y14
SABTU WEEK 4,1Y4M,KOKA MAPANGET [KOET],1YZ1,1Y14
SABTU WEEK 4,1Y68,KOKA MANADO [KAMO],1YZ1,1Y14
SABTU WEEK 4,1Y11,MAPANGET TETERUSAN [MATE],1YZ1,1Y14
SABTU WEEK 4,1Y7M,A.A MARAMIS MAPANGET [AMAM],1YZ1,1Y14
SABTU WEEK 4,1Y79,PANIKI BAWAH MANADO [PANA],1YZ1,1Y14
SABTU WEEK 4,1Y9V,PANIKI BAWAH [PAAH],1YZ1,1Y14
SABTU WEEK 4,1Y85,BUHA MANADO [BUDO],1YZ1,1Y14
SABTU WEEK 4,1YAY,BENGKOL MANADO,1YZ1,1Y14
SABTU WEEK 4,1YS5,PANDU MANADO [PUDO],1YZ1,1Y14
SENIN WEEK 5,1Y6H,KOMBOS BARAT [KOBT],1YZ1,1Y14
SENIN WEEK 5,1YBC,TERNATE BARU,1YZ1,1Y14
SENIN WEEK 5,1Y94,DENDENGAN LUAR MDO [DENA],1YZ1,1Y14
SENIN WEEK 5,1Y99,WONASA MANADO [WOMA],1YZ1,1Y14
SENIN WEEK 5,1Y8C,*TUMINTING MANADO [TUDO],1YZ1,1Y14
SENIN WEEK 5,1Y1L,SINDULANG MANADO [SINO],1YZ1,1Y14
SENIN WEEK 5,1YAA,BOULEVARD DUA [BODU],1YZ1,1Y14
SENIN WEEK 5,1Y21,HASANUDIN MANADO [HSMO],1YZ1,1Y14
SENIN WEEK 5,1Y41,POGIDON [PGDO],1YZ1,1Y14
SENIN WEEK 5,1Y7U,BAILANG MANADO/F [BMDO],1YZ1,1Y14
SENIN WEEK 5,1YD1,SANTIAGO MANADO [SNMA],1YZ1,1Y14
SENIN WEEK 5,1Y1X,SINGKIL MANADO [ILDO],1YZ1,1Y14
SENIN WEEK 5,1Y8L,BENGAWAN SOLO MANADO [BEWA],1YZ1,1Y14
SENIN WEEK 5,1YBA,SADANG SUMOMPO,1YZ1,1Y14
SELASA WEEK 5,1Y9W,TINGKULU MANADO [TIMA],1YZ1,1Y14
SELASA WEEK 5,1Y4U,RINGROAD WANEA [RIWA],1YZ1,1Y14
SELASA WEEK 5,1Y3L,NEW CITRALAND [NECI],1YZ1,1Y14
SELASA WEEK 5,1YA2,WINANGUN ATAS MNHS [WISA],1YZ1,1Y14
SELASA WEEK 5,1YI3,MANADO-TOMOHON KM. 7 [MAKM],1YZ1,1Y14
SELASA WEEK 5,1Y38,PINELENG [PLEG],1YZ1,1Y14
SELASA WEEK 5,1Y9P,PINELENG DUA MNHSA [PIDU],1YZ1,1Y14
SELASA WEEK 5,1YD9,WINANGUN MANADO [WIMA],1YZ1,1Y14
SELASA WEEK 5,1Y9R,WINANGUN DUA MANADO [WNGN],1YZ1,1Y14
SELASA WEEK 5,1YS2,KLEAK MANADO [KLEM],1YZ1,1Y14
SELASA WEEK 5,1YX9,BAHU MANADO [BAHM],1YZ1,1Y14
SELASA WEEK 5,1YAG,PULAU SULAWESI/F [PSEI],1YZ1,1Y14
SELASA WEEK 5,1YAR,KRIDA MANADO [KRDO],1YZ1,1Y14
SELASA WEEK 5,1Y1Y,PARIGI TUJUH ATAS [PTUS],1YZ1,1Y14
SELASA WEEK 5,1Y2C,PARIGI MANADO [PADO],1YZ1,1Y14
RABU WEEK 5,1YBH,KALAWAT RAYA,1YZ1,1Y14
RABU WEEK 5,1Y8O,BRIGHT IR. SOEKARNO [BRIR],1YZ1,1Y14
RABU WEEK 5,1Y8E,IR. SOEKARNO KALAWAT [IRAT],1YZ1,1Y14
RABU WEEK 5,1YAS,ZERO POINT AIRMADIDI [ZPAI],1YZ1,1Y14
RABU WEEK 5,1Y7O,RAYA IR. SOEKARNO [RISO],1YZ1,1Y14
RABU WEEK 5,1Y7N,IR SOEKARNO ARMDIDI [ISAR],1YZ1,1Y14
RABU WEEK 5,1Y5D,IR. SOEKARNO [IRSO],1YZ1,1Y14
RABU WEEK 5,1Y1R,TUMALUNTUNG MINUT [TUUT],1YZ1,1Y14
RABU WEEK 5,1Y6Y,TUMALUNTUNG KAUDITAN [TUMA],1YZ1,1Y14
RABU WEEK 5,1Y07,LEMBEAN[LEME],1YZ1,1Y14
RABU WEEK 5,1YBF,KAWILEY KAUDITAN,1YZ1,1Y14
RABU WEEK 5,1Y1F,KAWILEY MINUT [KAWN],1YZ1,1Y14
RABU WEEK 5,1Y4Y,RAYA KAUDITAN SATU [RAUD],1YZ1,1Y14
RABU WEEK 5,1Y80,KAUDITAN MINUT [KAMI],1YZ1,1Y14
RABU WEEK 5,1YS8,DC KAREGESAN [DCAN],1YZ1,1Y14
KAMIS WEEK 5,1Y10,JENSUD MANADO [JSMO],1YZ1,1Y14
KAMIS WEEK 5,1Y6L,TAMAN KESATUANBANGSA [TKEB],1YZ1,1Y14
KAMIS WEEK 5,1YAI,CALACA [CACA],1YZ1,1Y14
KAMIS WEEK 5,1Y4J,SARAPUNG [SAAP],1YZ1,1Y14
KAMIS WEEK 5,1Y69,GARUDA MANADO [GRMA],1YZ1,1Y14
KAMIS WEEK 5,1Y71,SAMRATULANGI MDO [SMNO],1YZ1,1Y14
KAMIS WEEK 5,1YD4,RS. PANCARAN KASIH [RSPH],1YZ1,1Y14
KAMIS WEEK 5,1Y6P,TITIWUNGEN SELATAN /F [TISE],1YZ1,1Y14
KAMIS WEEK 5,1Y65,PEMUDA MANADO [PMNO],1YZ1,1Y14
KAMIS WEEK 5,1Y58,PRAMUKA MANADO [PRMO],1YZ1,1Y14
KAMIS WEEK 5,1Y52,BETHESDA MANADO [BSDA],1YZ1,1Y14
KAMIS WEEK 5,1Y48,A. YANI MANADO [AYMA],1YZ1,1Y14
KAMIS WEEK 5,1Y91,BOULEVARD SARIO MDO [BSMO],1YZ1,1Y14
KAMIS WEEK 5,1Y06,PIERE TENDEAN [PIET],1YZ1,1Y14
KAMIS WEEK 5,1Y8G,TITIWUNGEN UTARA [TIEN],1YZ1,1Y14
JUMAT WEEK 5,1Y5I,RING ROAD DUA MANADO [RIDO],1YZ1,1Y14
JUMAT WEEK 5,1Y7P,IR. SOEKARNO 138 [IRKN],1YZ1,1Y14
JUMAT WEEK 5,1YI1,WATUDAMBO MINUT [WAUT],1YZ1,1Y14
JUMAT WEEK 5,1Y5T,SAGERAT MATUARI [SAGE],1YZ1,1Y14
JUMAT WEEK 5,1Y64,SAGERAT BITUNG [STBG],1YZ1,1Y14
JUMAT WEEK 5,1Y56,TERM. TANGKOKO BTG [TTKO],1YZ1,1Y14
JUMAT WEEK 5,1Y2U,RAYA MATUARI [RAYI],1YZ1,1Y14
JUMAT WEEK 5,1YW1,MANEMBONEMBO MATUARI[MBOM],1YZ1,1Y14
JUMAT WEEK 5,1Y24,SARUNDAJANG BITUNG [SDBI],1YZ1,1Y14
JUMAT WEEK 5,1YB5,GIRIAN INDAH BITUNG [GIIN],1YZ1,1Y14
JUMAT WEEK 5,1Y57,GIRIAN PERMAI BITUNG [GPBG],1YZ1,1Y14
JUMAT WEEK 5,1Y7G,WANGURER ERPAK/F [WAER],1YZ1,1Y14
JUMAT WEEK 5,1YB4,MADIDIR BITUNG [MBTG],1YZ1,1Y14
JUMAT WEEK 5,1Y77,LEMBE PERMAI BITUNG [LPBG],1YZ1,1Y14
SABTU WEEK 5,1Y5E,GANDARIA GPI [GANI],1YZ1,1Y14
SABTU WEEK 5,1Y7E,DAHLIA GPI/F [DAPI],1YZ1,1Y14
SABTU WEEK 5,1Y8T,BANDARA SAMRATULANGI [BSAR],1YZ1,1Y14
SABTU WEEK 5,1Y9N,BNDRSAMRATULANGI MDO [BSDO],1YZ1,1Y14
SABTU WEEK 5,1Y42,ADIPURA [ADRA],1YZ1,1Y14
SABTU WEEK 5,1Y40,PANIKI BAWAH MPGT[PBWM],1YZ1,1Y14
SABTU WEEK 5,1Y87,KAIRAGI 1 MANADO [K1MA],1YZ1,1Y14
SABTU WEEK 5,1Y1E,POLI. KAIRAGI DUA [POLD],1YZ1,1Y14
SABTU WEEK 5,1Y60,POLITEKNIK RAYA MDO [POMO],1YZ1,1Y14
SABTU WEEK 5,1YW3,POLITEKNIK BUHA [POHA],1YZ1,1Y14
SENIN WEEK 1,L456,P. ANTASARI 3 [PA3],LZ01,L548
SENIN WEEK 1,L522,BUKIT KENCANA BDL [BKN1],LZ01,L548
SENIN WEEK 1,L660,KEDAMAIAN [KEDM],LZ01,L548
SENIN WEEK 1,L621,KALIBALOK [KLBO],LZ01,L548
SENIN WEEK 1,L020,TIRTAYASA - LPG [TIYA],LZ01,L548
SENIN WEEK 1,L704,SUKABUMI [SUBM],LZ01,L548
SENIN WEEK 1,L576,TIRTAYASA 4 [TIR4],LZ01,L548
SENIN WEEK 1,L764,SINGKEP SUKARAME F/F [SSKF],LZ01,L548
SENIN WEEK 1,L763,TIRTAYASA SUKABUMI [TRTY],LZ01,L548
SENIN WEEK 1,L780,CAMPANG RAYA [CAMP],LZ01,L548
SENIN WEEK 1,L755,DC TEMBESU [ALDT],LZ01,L548
SENIN WEEK 1,L595,SOEKARNO HATTA KM23 [SH23],LZ01,L548
SENIN WEEK 1,L746,SOEKARNO-HATTA PUSKD [SHPD],LZ01,L548
SELASA WEEK 1,L776,RAYA BACAN F/F [RYBF],LZ01,L548
SELASA WEEK 1,L635,PULAU BACAN [PUB1],LZ01,L548
SELASA WEEK 1,L431,HAYAM WURUK 2 [HYWR],LZ01,L548
SELASA WEEK 1,L016,HAYAM WURUK - LPG [AMUK],LZ01,L548
SELASA WEEK 1,L528,PUTRI BALAU [PTBB],LZ01,L548
SELASA WEEK 1,L586,RIDWAN RAIS 2 [RDR2],LZ01,L548
SELASA WEEK 1,L407,RIDWAN RAIS[RWRS],LZ01,L548
SELASA WEEK 1,L570,P. ANTASARI 4 [PAT4],LZ01,L548
SELASA WEEK 1,L698,GAJAH MADA 2 [GHM2],LZ01,L548
SELASA WEEK 1,L192,DR HARUN [DHRN],LZ01,L548
SELASA WEEK 1,L562,PERINTIS BDL [PBL1],LZ01,L548
SELASA WEEK 1,L001,GAJAH MADA [GAMA],LZ01,L548
SELASA WEEK 1,L577,KAMBOJA BDL [KMBL],LZ01,L548
RABU WEEK 1,L454,RADEN INTAN BDL [RIB],LZ01,L548
RABU WEEK 1,L655,SRIWIJAYA ENGGAL [SRWE],LZ01,L548
RABU WEEK 1,L580,MH. YAMIN [MHYB],LZ01,L548
RABU WEEK 1,L583,HOS COKROAMINOTO [HCM],LZ01,L548
RABU WEEK 1,L754,DIPONEGORO LPG [DPOL],LZ01,L548
RABU WEEK 1,L488,DIPONEGORO 2 [DPN2],LZ01,L548
RABU WEEK 1,L768,PATIMURA BDL [PATL],LZ01,L548
RABU WEEK 1,L753,SUMUR PUTRI [SWRT],LZ01,L548
RABU WEEK 1,L136,JL. CUT MUTIA [CTMA],LZ01,L548
RABU WEEK 1,L691,PENGAJARAN [PNJR],LZ01,L548
RABU WEEK 1,L008,WOLTER MONGONSIDI [WODI],LZ01,L548
RABU WEEK 1,L581,CUT NYAK DIEN 2 [CUT2],LZ01,L548
KAMIS WEEK 1,L588,LAKS. MALAHAYATI [LML1],LZ01,L548
KAMIS WEEK 1,L441,IKAN TENGGIRI [IKTG],LZ01,L548
KAMIS WEEK 1,L013,IKAN SEBELAH [ISEB],LZ01,L548
KAMIS WEEK 1,L127,RE. MARTADINATA [RMTA],LZ01,L548
KAMIS WEEK 1,L606,KETEGUHAN [KTH1],LZ01,L548
KAMIS WEEK 1,L018,KH HASYIM ASHARI LPG [KHAR],LZ01,L548
KAMIS WEEK 1,L638,LITTLE EUROPE [LTEO],LZ01,L548
KAMIS WEEK 1,L548,CITRA GARDEN 2 [CTG2],LZ01,L548
KAMIS WEEK 1,L604,WR. SUPRATMAN [WRS],LZ01,L548
KAMIS WEEK 1,L573,BASUKI RAHMAT 2 [BRM2],LZ01,L548
KAMIS WEEK 1,L453,PERWIRA EMIR M NOER [PRW],LZ01,L548
KAMIS WEEK 1,L735,LEMPASING F/F [LPSF],LZ01,L548
JUMAT WEEK 1,L233,PAGAR ALAM (PU) [PAPU],LZ01,L548
JUMAT WEEK 1,L769,GUNUNG TERANG F/F [GUNT],LZ01,L548
JUMAT WEEK 1,L421,PURNAWIRAWAN/F [PRWN],LZ01,L548
JUMAT WEEK 1,L709,SEGALA MIDER 2 [SEDE],LZ01,L548
JUMAT WEEK 1,L765,RAYA PU PAGAR ALAM [RPPA],LZ01,L548
JUMAT WEEK 1,L639,SEGALA MIDER [SMDR],LZ01,L548
JUMAT WEEK 1,L414,PANGLIMA POLIM 2 [PAP2],LZ01,L548
JUMAT WEEK 1,L783,JALAN ONTA F/F [JLOF],LZ01,L548
JUMAT WEEK 1,L647,SAMRATULANGI 2 F/F [SAI2],LZ01,L548
JUMAT WEEK 1,L773,RAYA RATULANGI [RRLI],LZ01,L548
JUMAT WEEK 1,L017,SAM RATULANGI - LPG [ANGI],LZ01,L548
SABTU WEEK 1,L443,IMAM BONJOL 4 [IMJ4],LZ01,L548
SABTU WEEK 1,L443,IMAM BONJOL 4 [IMJ4],LZ01,L548
SABTU WEEK 1,L443,IMAM BONJOL 4 [IMJ4],LZ01,L548
SABTU WEEK 1,L443,IMAM BONJOL 4 [IMJ4],LZ01,L548
SABTU WEEK 1,L443,IMAM BONJOL 4 [IMJ4],LZ01,L548
SABTU WEEK 1,L443,IMAM BONJOL 4 [IMJ4],LZ01,L548
SABTU WEEK 1,L443,IMAM BONJOL 4 [IMJ4],LZ01,L548
SABTU WEEK 1,L443,IMAM BONJOL 4 [IMJ4],LZ01,L548
SABTU WEEK 1,L443,IMAM BONJOL 4 [IMJ4],LZ01,L548
SENIN WEEK 2,L532,SULTAN AGUNG [SLAL],LZ01,L548
SENIN WEEK 2,L590,RYACUDU KORPRI 2 [RCK2],LZ01,L548
SENIN WEEK 2,L667,SUKARAME [SKAE],LZ01,L548
SENIN WEEK 2,L622,KORPRI JAYA/F [KRPJ],LZ01,L548
SENIN WEEK 2,L504,RYACUDU KORPRI [RYK1],LZ01,L548
SENIN WEEK 2,L619,RYACUDU SUKARAME/F [RYD1],LZ01,L548
SENIN WEEK 2,L628,WAY DADI FRC/F [WYDI],LZ01,L548
SENIN WEEK 2,L235,HENDRO SURATMIN/F [HSTN],LZ01,L548
SENIN WEEK 2,L749,RAYA HENDRO SURATMIN [RYHS],LZ01,L548
SENIN WEEK 2,L644,HENDRO SURATMIN 3 F/F [HSN3],LZ01,L548
SENIN WEEK 2,L622,KORPRI JAYA/F [KRPJ],LZ01,L548
SENIN WEEK 2,L719,SUKARAME BARU F/F [SKBF],LZ01,L548
SENIN WEEK 2,L398,PULAU SEBESI/F [PLSB],LZ01,L548
SENIN WEEK 2,L627,PULAU SEBESI 2/F [PUS2],LZ01,L548
SELASA WEEK 2,L713,RA BASYID 2 F/F [RABF],LZ01,L548
SELASA WEEK 2,L455,RA BASYID BDL [RAB],LZ01,L548
SELASA WEEK 2,L486,FAJAR BARU [FJB1],LZ01,L548
SELASA WEEK 2,L069,JATIMULYO [JTML],LZ01,L548
SELASA WEEK 2,L134,P. SENOPATI [PSPI],LZ01,L548
SELASA WEEK 2,L636,AIRAN RAYA F/F [AIRF],LZ01,L548
SELASA WEEK 2,L145,RATU DIBALAU 3 [RTD3],LZ01,L548
SELASA WEEK 2,L596,RATU DIBALAU 5 [RDL5],LZ01,L548
SELASA WEEK 2,L597,PULAU DAMAR BDL [PDB1],LZ01,L548
SELASA WEEK 2,L602,RATU DIBALAU LAMPUNG/F [RUDU],LZ01,L548
SELASA WEEK 2,L605,TANJUNG SENANG [TJS1],LZ01,L548
SELASA WEEK 2,L144,RATU DIBALAU 2 [RTD2],LZ01,L548
RABU WEEK 2,L737,SUMUR BATU [SUBT],LZ01,L548
RABU WEEK 2,L760,MS BATUBARA 2 F/F [MSBR],LZ01,L548
RABU WEEK 2,L732,MAYOR SALIM BATUBARA [MYSM],LZ01,L548
RABU WEEK 2,L033,YOS SUDARSO BUWA[YSOB],LZ01,L548
RABU WEEK 2,L495,YOS SUDARSO 3 [YSD3],LZ01,L548
RABU WEEK 2,L191,YOS SUDARSO SKR[YSRO],LZ01,L548
RABU WEEK 2,L785,YOS SUDARSO BARU [YSSB],LZ01,L548
RABU WEEK 2,L439,GATOT SUBROTO [GTST],LZ01,L548
RABU WEEK 2,L697,BUMI RAYA [BMRY],LZ01,L548
RABU WEEK 2,L460,GATOT SOEBROTO 2/F [GTT2],LZ01,L548
RABU WEEK 2,L770,JENSUD BDL [JSDB],LZ01,L548
RABU WEEK 2,L469,AHMAD YANI BDL [AHY1],LZ01,L548
KAMIS WEEK 2,L493,SULTAN HAJI FRC/F [SHFC],LZ01,L548
KAMIS WEEK 2,L561,UNTUNG SUROPATI BDL [USB1],LZ01,L548
KAMIS WEEK 2,L370,KAPT. ABD HAQ/F[KHAQ],LZ01,L548
KAMIS WEEK 2,L409,KEPAYANG PERMAI/F[KYGP],LZ01,L548
KAMIS WEEK 2,L733,BUMI MANTI F/F [BMMF],LZ01,L548
KAMIS WEEK 2,L600,PROF. S. BROJONEGORO/F [PSBF],LZ01,L548
KAMIS WEEK 2,L531,ZA. PAGAR ALAM [ZAPL],LZ01,L548
KAMIS WEEK 2,L541,ZA. PAGAR ALAM 2 [ZPA2],LZ01,L548
KAMIS WEEK 2,L693,GEDUNG MENENG [GDMN],LZ01,L548
KAMIS WEEK 2,L369,PRAMUKA/F[PMKA],LZ01,L548
KAMIS WEEK 2,L582,PRAMUKA 3 FRC/F [PRM3],LZ01,L548
KAMIS WEEK 2,L472,PRAMUKA 2 [PAK2],LZ01,L548
JUMAT WEEK 2,L536,LETJEN SOEPRAPTO [LTS1],LZ01,L548
JUMAT WEEK 2,L515,RA. KARTINI BDL [RAK1],LZ01,L548
JUMAT WEEK 2,L423,AGUS SALIM [AGSM],LZ01,L548
JUMAT WEEK 2,L648,TANJUNG KARANG PUSAT [TKPT],LZ01,L548
JUMAT WEEK 2,L646,TEUKUUMAR PENENGAHAN [TEUP],LZ01,L548
JUMAT WEEK 2,L415,TEUKU UMAR KOGA [TUKA],LZ01,L548
JUMAT WEEK 2,L759,TUPAI KEDATON F/F [TPKF],LZ01,L548
JUMAT WEEK 2,L603,URIP SUMOHARJO 4 [USM4],LZ01,L548
JUMAT WEEK 2,L021,KI MAJA KDTN - LPG [JAON],LZ01,L548
JUMAT WEEK 2,L014,TEUKU UMAR - LPG [KUUM],LZ01,L548
JUMAT WEEK 2,L554,PAHLAWAN 2 [PHL2],LZ01,L548
SABTU WEEK 2,L443,IMAM BONJOL 4 [IMJ4],LZ01,L548
SABTU WEEK 2,L397,TEUKU CIK DITIRO 2[TCD2],LZ01,L548
SABTU WEEK 2,L569,RADEN IMBA KUSUMA/F/F [RDIB],LZ01,L548
SABTU WEEK 2,L122,TEUKU CIK DITIRO [TCDO],LZ01,L548
SABTU WEEK 2,L747,BERINGIN JAYA [BRJY],LZ01,L548
SABTU WEEK 2,L637,WAN ABDURRAHMAN [WABD],LZ01,L548
SABTU WEEK 2,L539,TEUKU CIK DITIRO 3 [TCD3],LZ01,L548
SABTU WEEK 2,L510,SUMBER REJO 2 [SMJ2],LZ01,L548
SABTU WEEK 2,L611,CITRAMAS [CITL],LZ01,L548
SENIN WEEK 3,L456,P. ANTASARI 3 [PA3],LZ01,L548
SENIN WEEK 3,L522,BUKIT KENCANA BDL [BKN1],LZ01,L548
SENIN WEEK 3,L660,KEDAMAIAN [KEDM],LZ01,L548
SENIN WEEK 3,L621,KALIBALOK [KLBO],LZ01,L548
SENIN WEEK 3,L020,TIRTAYASA - LPG [TIYA],LZ01,L548
SENIN WEEK 3,L704,SUKABUMI [SUBM],LZ01,L548
SENIN WEEK 3,L576,TIRTAYASA 4 [TIR4],LZ01,L548
SENIN WEEK 3,L764,SINGKEP SUKARAME F/F [SSKF],LZ01,L548
SENIN WEEK 3,L763,TIRTAYASA SUKABUMI [TRTY],LZ01,L548
SENIN WEEK 3,L780,CAMPANG RAYA [CAMP],LZ01,L548
SENIN WEEK 3,L755,DC TEMBESU [ALDT],LZ01,L548
SENIN WEEK 3,L595,SOEKARNO HATTA KM23 [SH23],LZ01,L548
SENIN WEEK 3,L746,SOEKARNO-HATTA PUSKD [SHPD],LZ01,L548
SELASA WEEK 3,L776,RAYA BACAN F/F [RYBF],LZ01,L548
SELASA WEEK 3,L635,PULAU BACAN [PUB1],LZ01,L548
SELASA WEEK 3,L431,HAYAM WURUK 2 [HYWR],LZ01,L548
SELASA WEEK 3,L016,HAYAM WURUK - LPG [AMUK],LZ01,L548
SELASA WEEK 3,L528,PUTRI BALAU [PTBB],LZ01,L548
SELASA WEEK 3,L586,RIDWAN RAIS 2 [RDR2],LZ01,L548
SELASA WEEK 3,L407,RIDWAN RAIS[RWRS],LZ01,L548
SELASA WEEK 3,L570,P. ANTASARI 4 [PAT4],LZ01,L548
SELASA WEEK 3,L698,GAJAH MADA 2 [GHM2],LZ01,L548
SELASA WEEK 3,L192,DR HARUN [DHRN],LZ01,L548
SELASA WEEK 3,L562,PERINTIS BDL [PBL1],LZ01,L548
SELASA WEEK 3,L001,GAJAH MADA [GAMA],LZ01,L548
SELASA WEEK 3,L577,KAMBOJA BDL [KMBL],LZ01,L548
RABU WEEK 3,L454,RADEN INTAN BDL [RIB],LZ01,L548
RABU WEEK 3,L655,SRIWIJAYA ENGGAL [SRWE],LZ01,L548
RABU WEEK 3,L580,MH. YAMIN [MHYB],LZ01,L548
RABU WEEK 3,L583,HOS COKROAMINOTO [HCM],LZ01,L548
RABU WEEK 3,L754,DIPONEGORO LPG [DPOL],LZ01,L548
RABU WEEK 3,L488,DIPONEGORO 2 [DPN2],LZ01,L548
RABU WEEK 3,L768,PATIMURA BDL [PATL],LZ01,L548
RABU WEEK 3,L753,SUMUR PUTRI [SWRT],LZ01,L548
RABU WEEK 3,L136,JL. CUT MUTIA [CTMA],LZ01,L548
RABU WEEK 3,L691,PENGAJARAN [PNJR],LZ01,L548
RABU WEEK 3,L008,WOLTER MONGONSIDI [WODI],LZ01,L548
RABU WEEK 3,L581,CUT NYAK DIEN 2 [CUT2],LZ01,L548
KAMIS WEEK 3,L588,LAKS. MALAHAYATI [LML1],LZ01,L548
KAMIS WEEK 3,L441,IKAN TENGGIRI [IKTG],LZ01,L548
KAMIS WEEK 3,L013,IKAN SEBELAH [ISEB],LZ01,L548
KAMIS WEEK 3,L127,RE. MARTADINATA [RMTA],LZ01,L548
KAMIS WEEK 3,L606,KETEGUHAN [KTH1],LZ01,L548
KAMIS WEEK 3,L018,KH HASYIM ASHARI LPG [KHAR],LZ01,L548
KAMIS WEEK 3,L638,LITTLE EUROPE [LTEO],LZ01,L548
KAMIS WEEK 3,L548,CITRA GARDEN 2 [CTG2],LZ01,L548
KAMIS WEEK 3,L604,WR. SUPRATMAN [WRS],LZ01,L548
KAMIS WEEK 3,L573,BASUKI RAHMAT 2 [BRM2],LZ01,L548
KAMIS WEEK 3,L453,PERWIRA EMIR M NOER [PRW],LZ01,L548
KAMIS WEEK 3,L735,LEMPASING F/F [LPSF],LZ01,L548
JUMAT WEEK 3,L233,PAGAR ALAM (PU) [PAPU],LZ01,L548
JUMAT WEEK 3,L769,GUNUNG TERANG F/F [GUNT],LZ01,L548
JUMAT WEEK 3,L421,PURNAWIRAWAN/F [PRWN],LZ01,L548
JUMAT WEEK 3,L709,SEGALA MIDER 2 [SEDE],LZ01,L548
JUMAT WEEK 3,L765,RAYA PU PAGAR ALAM [RPPA],LZ01,L548
JUMAT WEEK 3,L639,SEGALA MIDER [SMDR],LZ01,L548
JUMAT WEEK 3,L414,PANGLIMA POLIM 2 [PAP2],LZ01,L548
JUMAT WEEK 3,L783,JALAN ONTA F/F [JLOF],LZ01,L548
JUMAT WEEK 3,L647,SAMRATULANGI 2 F/F [SAI2],LZ01,L548
JUMAT WEEK 3,L773,RAYA RATULANGI [RRLI],LZ01,L548
JUMAT WEEK 3,L017,SAM RATULANGI - LPG [ANGI],LZ01,L548
SABTU WEEK 3,L443,IMAM BONJOL 4 [IMJ4],LZ01,L548
SABTU WEEK 3,L443,IMAM BONJOL 4 [IMJ4],LZ01,L548
SABTU WEEK 3,L443,IMAM BONJOL 4 [IMJ4],LZ01,L548
SABTU WEEK 3,L443,IMAM BONJOL 4 [IMJ4],LZ01,L548
SABTU WEEK 3,L443,IMAM BONJOL 4 [IMJ4],LZ01,L548
SABTU WEEK 3,L443,IMAM BONJOL 4 [IMJ4],LZ01,L548
SABTU WEEK 3,L443,IMAM BONJOL 4 [IMJ4],LZ01,L548
SABTU WEEK 3,L443,IMAM BONJOL 4 [IMJ4],LZ01,L548
SABTU WEEK 3,L443,IMAM BONJOL 4 [IMJ4],LZ01,L548
SENIN WEEK 4,L532,SULTAN AGUNG [SLAL],LZ01,L548
SENIN WEEK 4,L590,RYACUDU KORPRI 2 [RCK2],LZ01,L548
SENIN WEEK 4,L667,SUKARAME [SKAE],LZ01,L548
SENIN WEEK 4,L622,KORPRI JAYA/F [KRPJ],LZ01,L548
SENIN WEEK 4,L504,RYACUDU KORPRI [RYK1],LZ01,L548
SENIN WEEK 4,L619,RYACUDU SUKARAME/F [RYD1],LZ01,L548
SENIN WEEK 4,L628,WAY DADI FRC/F [WYDI],LZ01,L548
SENIN WEEK 4,L235,HENDRO SURATMIN/F [HSTN],LZ01,L548
SENIN WEEK 4,L749,RAYA HENDRO SURATMIN [RYHS],LZ01,L548
SENIN WEEK 4,L644,HENDRO SURATMIN 3 F/F [HSN3],LZ01,L548
SENIN WEEK 4,L622,KORPRI JAYA/F [KRPJ],LZ01,L548
SENIN WEEK 4,L719,SUKARAME BARU F/F [SKBF],LZ01,L548
SENIN WEEK 4,L398,PULAU SEBESI/F [PLSB],LZ01,L548
SENIN WEEK 4,L627,PULAU SEBESI 2/F [PUS2],LZ01,L548
SELASA WEEK 4,L713,RA BASYID 2 F/F [RABF],LZ01,L548
SELASA WEEK 4,L455,RA BASYID BDL [RAB],LZ01,L548
SELASA WEEK 4,L486,FAJAR BARU [FJB1],LZ01,L548
SELASA WEEK 4,L069,JATIMULYO [JTML],LZ01,L548
SELASA WEEK 4,L134,P. SENOPATI [PSPI],LZ01,L548
SELASA WEEK 4,L636,AIRAN RAYA F/F [AIRF],LZ01,L548
SELASA WEEK 4,L145,RATU DIBALAU 3 [RTD3],LZ01,L548
SELASA WEEK 4,L596,RATU DIBALAU 5 [RDL5],LZ01,L548
SELASA WEEK 4,L597,PULAU DAMAR BDL [PDB1],LZ01,L548
SELASA WEEK 4,L602,RATU DIBALAU LAMPUNG/F [RUDU],LZ01,L548
SELASA WEEK 4,L605,TANJUNG SENANG [TJS1],LZ01,L548
SELASA WEEK 4,L144,RATU DIBALAU 2 [RTD2],LZ01,L548
RABU WEEK 4,L737,SUMUR BATU [SUBT],LZ01,L548
RABU WEEK 4,L760,MS BATUBARA 2 F/F [MSBR],LZ01,L548
RABU WEEK 4,L732,MAYOR SALIM BATUBARA [MYSM],LZ01,L548
RABU WEEK 4,L033,YOS SUDARSO BUWA[YSOB],LZ01,L548
RABU WEEK 4,L495,YOS SUDARSO 3 [YSD3],LZ01,L548
RABU WEEK 4,L191,YOS SUDARSO SKR[YSRO],LZ01,L548
RABU WEEK 4,L785,YOS SUDARSO BARU [YSSB],LZ01,L548
RABU WEEK 4,L439,GATOT SUBROTO [GTST],LZ01,L548
RABU WEEK 4,L697,BUMI RAYA [BMRY],LZ01,L548
RABU WEEK 4,L460,GATOT SOEBROTO 2/F [GTT2],LZ01,L548
RABU WEEK 4,L770,JENSUD BDL [JSDB],LZ01,L548
RABU WEEK 4,L469,AHMAD YANI BDL [AHY1],LZ01,L548
KAMIS WEEK 4,L493,SULTAN HAJI FRC/F [SHFC],LZ01,L548
KAMIS WEEK 4,L561,UNTUNG SUROPATI BDL [USB1],LZ01,L548
KAMIS WEEK 4,L370,KAPT. ABD HAQ/F[KHAQ],LZ01,L548
KAMIS WEEK 4,L409,KEPAYANG PERMAI/F[KYGP],LZ01,L548
KAMIS WEEK 4,L733,BUMI MANTI F/F [BMMF],LZ01,L548
KAMIS WEEK 4,L600,PROF. S. BROJONEGORO/F [PSBF],LZ01,L548
KAMIS WEEK 4,L531,ZA. PAGAR ALAM [ZAPL],LZ01,L548
KAMIS WEEK 4,L541,ZA. PAGAR ALAM 2 [ZPA2],LZ01,L548
KAMIS WEEK 4,L693,GEDUNG MENENG [GDMN],LZ01,L548
KAMIS WEEK 4,L369,PRAMUKA/F[PMKA],LZ01,L548
KAMIS WEEK 4,L582,PRAMUKA 3 FRC/F [PRM3],LZ01,L548
KAMIS WEEK 4,L472,PRAMUKA 2 [PAK2],LZ01,L548
JUMAT WEEK 4,L536,LETJEN SOEPRAPTO [LTS1],LZ01,L548
JUMAT WEEK 4,L515,RA. KARTINI BDL [RAK1],LZ01,L548
JUMAT WEEK 4,L423,AGUS SALIM [AGSM],LZ01,L548
JUMAT WEEK 4,L648,TANJUNG KARANG PUSAT [TKPT],LZ01,L548
JUMAT WEEK 4,L646,TEUKUUMAR PENENGAHAN [TEUP],LZ01,L548
JUMAT WEEK 4,L415,TEUKU UMAR KOGA [TUKA],LZ01,L548
JUMAT WEEK 4,L759,TUPAI KEDATON F/F [TPKF],LZ01,L548
JUMAT WEEK 4,L603,URIP SUMOHARJO 4 [USM4],LZ01,L548
JUMAT WEEK 4,L021,KI MAJA KDTN - LPG [JAON],LZ01,L548
JUMAT WEEK 4,L014,TEUKU UMAR - LPG [KUUM],LZ01,L548
JUMAT WEEK 4,L554,PAHLAWAN 2 [PHL2],LZ01,L548
SABTU WEEK 4,L443,IMAM BONJOL 4 [IMJ4],LZ01,L548
SABTU WEEK 4,L397,TEUKU CIK DITIRO 2[TCD2],LZ01,L548
SABTU WEEK 4,L569,RADEN IMBA KUSUMA/F/F [RDIB],LZ01,L548
SABTU WEEK 4,L122,TEUKU CIK DITIRO [TCDO],LZ01,L548
SABTU WEEK 4,L747,BERINGIN JAYA [BRJY],LZ01,L548
SABTU WEEK 4,L637,WAN ABDURRAHMAN [WABD],LZ01,L548
SABTU WEEK 4,L539,TEUKU CIK DITIRO 3 [TCD3],LZ01,L548
SABTU WEEK 4,L510,SUMBER REJO 2 [SMJ2],LZ01,L548
SABTU WEEK 4,L611,CITRAMAS [CITL],LZ01,L548
SENIN WEEK 5,L456,P. ANTASARI 3 [PA3],LZ01,L548
SENIN WEEK 5,L522,BUKIT KENCANA BDL [BKN1],LZ01,L548
SENIN WEEK 5,L660,KEDAMAIAN [KEDM],LZ01,L548
SENIN WEEK 5,L621,KALIBALOK [KLBO],LZ01,L548
SENIN WEEK 5,L020,TIRTAYASA - LPG [TIYA],LZ01,L548
SENIN WEEK 5,L704,SUKABUMI [SUBM],LZ01,L548
SENIN WEEK 5,L576,TIRTAYASA 4 [TIR4],LZ01,L548
SENIN WEEK 5,L764,SINGKEP SUKARAME F/F [SSKF],LZ01,L548
SENIN WEEK 5,L763,TIRTAYASA SUKABUMI [TRTY],LZ01,L548
SENIN WEEK 5,L780,CAMPANG RAYA [CAMP],LZ01,L548
SENIN WEEK 5,L755,DC TEMBESU [ALDT],LZ01,L548
SENIN WEEK 5,L595,SOEKARNO HATTA KM23 [SH23],LZ01,L548
SENIN WEEK 5,L746,SOEKARNO-HATTA PUSKD [SHPD],LZ01,L548
SELASA WEEK 5,L776,RAYA BACAN F/F [RYBF],LZ01,L548
SELASA WEEK 5,L635,PULAU BACAN [PUB1],LZ01,L548
SELASA WEEK 5,L431,HAYAM WURUK 2 [HYWR],LZ01,L548
SELASA WEEK 5,L016,HAYAM WURUK - LPG [AMUK],LZ01,L548
SELASA WEEK 5,L528,PUTRI BALAU [PTBB],LZ01,L548
SELASA WEEK 5,L586,RIDWAN RAIS 2 [RDR2],LZ01,L548
SELASA WEEK 5,L407,RIDWAN RAIS[RWRS],LZ01,L548
SELASA WEEK 5,L570,P. ANTASARI 4 [PAT4],LZ01,L548
SELASA WEEK 5,L698,GAJAH MADA 2 [GHM2],LZ01,L548
SELASA WEEK 5,L192,DR HARUN [DHRN],LZ01,L548
SELASA WEEK 5,L562,PERINTIS BDL [PBL1],LZ01,L548
SELASA WEEK 5,L001,GAJAH MADA [GAMA],LZ01,L548
SELASA WEEK 5,L577,KAMBOJA BDL [KMBL],LZ01,L548
RABU WEEK 5,L454,RADEN INTAN BDL [RIB],LZ01,L548
RABU WEEK 5,L655,SRIWIJAYA ENGGAL [SRWE],LZ01,L548
RABU WEEK 5,L580,MH. YAMIN [MHYB],LZ01,L548
RABU WEEK 5,L583,HOS COKROAMINOTO [HCM],LZ01,L548
RABU WEEK 5,L754,DIPONEGORO LPG [DPOL],LZ01,L548
RABU WEEK 5,L488,DIPONEGORO 2 [DPN2],LZ01,L548
RABU WEEK 5,L768,PATIMURA BDL [PATL],LZ01,L548
RABU WEEK 5,L753,SUMUR PUTRI [SWRT],LZ01,L548
RABU WEEK 5,L136,JL. CUT MUTIA [CTMA],LZ01,L548
RABU WEEK 5,L691,PENGAJARAN [PNJR],LZ01,L548
RABU WEEK 5,L008,WOLTER MONGONSIDI [WODI],LZ01,L548
RABU WEEK 5,L581,CUT NYAK DIEN 2 [CUT2],LZ01,L548
KAMIS WEEK 5,L588,LAKS. MALAHAYATI [LML1],LZ01,L548
KAMIS WEEK 5,L441,IKAN TENGGIRI [IKTG],LZ01,L548
KAMIS WEEK 5,L013,IKAN SEBELAH [ISEB],LZ01,L548
KAMIS WEEK 5,L127,RE. MARTADINATA [RMTA],LZ01,L548
KAMIS WEEK 5,L606,KETEGUHAN [KTH1],LZ01,L548
KAMIS WEEK 5,L018,KH HASYIM ASHARI LPG [KHAR],LZ01,L548
KAMIS WEEK 5,L638,LITTLE EUROPE [LTEO],LZ01,L548
KAMIS WEEK 5,L548,CITRA GARDEN 2 [CTG2],LZ01,L548
KAMIS WEEK 5,L604,WR. SUPRATMAN [WRS],LZ01,L548
KAMIS WEEK 5,L573,BASUKI RAHMAT 2 [BRM2],LZ01,L548
KAMIS WEEK 5,L453,PERWIRA EMIR M NOER [PRW],LZ01,L548
KAMIS WEEK 5,L735,LEMPASING F/F [LPSF],LZ01,L548
JUMAT WEEK 5,L233,PAGAR ALAM (PU) [PAPU],LZ01,L548
JUMAT WEEK 5,L769,GUNUNG TERANG F/F [GUNT],LZ01,L548
JUMAT WEEK 5,L421,PURNAWIRAWAN/F [PRWN],LZ01,L548
JUMAT WEEK 5,L709,SEGALA MIDER 2 [SEDE],LZ01,L548
JUMAT WEEK 5,L765,RAYA PU PAGAR ALAM [RPPA],LZ01,L548
JUMAT WEEK 5,L639,SEGALA MIDER [SMDR],LZ01,L548
JUMAT WEEK 5,L414,PANGLIMA POLIM 2 [PAP2],LZ01,L548
JUMAT WEEK 5,L783,JALAN ONTA F/F [JLOF],LZ01,L548
JUMAT WEEK 5,L647,SAMRATULANGI 2 F/F [SAI2],LZ01,L548
JUMAT WEEK 5,L773,RAYA RATULANGI [RRLI],LZ01,L548
JUMAT WEEK 5,L017,SAM RATULANGI - LPG [ANGI],LZ01,L548
SABTU WEEK 5,L443,IMAM BONJOL 4 [IMJ4],LZ01,L548
SABTU WEEK 5,L443,IMAM BONJOL 4 [IMJ4],LZ01,L548
SABTU WEEK 5,L443,IMAM BONJOL 4 [IMJ4],LZ01,L548
SABTU WEEK 5,L443,IMAM BONJOL 4 [IMJ4],LZ01,L548
SABTU WEEK 5,L443,IMAM BONJOL 4 [IMJ4],LZ01,L548
SABTU WEEK 5,L443,IMAM BONJOL 4 [IMJ4],LZ01,L548
SABTU WEEK 5,L443,IMAM BONJOL 4 [IMJ4],LZ01,L548
SABTU WEEK 5,L443,IMAM BONJOL 4 [IMJ4],LZ01,L548
SABTU WEEK 5,L443,IMAM BONJOL 4 [IMJ4],LZ01,L548
SENIN WEEK 1,L075,JL. JEMB. SERONG [JBSR],1VZ1,L609
SENIN WEEK 1,L113,NEGERI KATON [NGKN],1VZ1,L609
SENIN WEEK 1,L112,MENGANDUNG SARI [MGSI],1VZ1,L609
SENIN WEEK 1,L059,PUGUNG RAHARJO [PGRO],1VZ1,L609
SENIN WEEK 1,L543,IR. SUTAMI [IRS1],1VZ1,L609
SENIN WEEK 1,1VK8,KSB SIDOREJO/F [KSSJ],1VZ1,1V93
SENIN WEEK 1,L106,PASAR SIDOREJO [PSSO],1VZ1,L609
SENIN WEEK 1,L388,SEKAMPUNG [SKPG],1VZ1,L609
SENIN WEEK 1,L058,BATANGHARI LPG [BTHR],1VZ1,L609
SENIN WEEK 1,L480,BATANG HARI 2 [BTH2],1VZ1,L609
SENIN WEEK 1,1VU9,RAYA SEKAMPUNG [RSKU],1VZ1,1V93
SELASA WEEK 1,L500,SUKADANA LAMTIM [SKL1],1VZ1,L609
SELASA WEEK 1,1VN6,SUKADANA 2/F [SUKN],1VZ1,1V93
SELASA WEEK 1,1VL1,MATARAM MARGA [MRMG],1VZ1,1V93
SELASA WEEK 1,1V05,SUKADANA TENGAH,1VZ1,1V93
SELASA WEEK 1,L473,PAKUAN AJI ( FRC )/F [PKA1],1VZ1,L609
SELASA WEEK 1,L086,PSR TRIDATU [PSDT],1VZ1,L609
SELASA WEEK 1,L065,WAY JEPARA [WJR],1VZ1,L609
SELASA WEEK 1,L481,WAY JEPARA 5 [WJP5],1VZ1,L609
SELASA WEEK 1,L295,MERDEKA WAY JEPARA [MKWJ],1VZ1,L609
SELASA WEEK 1,L386,WAY JEPARA 3 [WYJ3],1VZ1,L609
SELASA WEEK 1,1V99,ADIREJO [ADJO],1VZ1,1V93
SELASA WEEK 1,L051,PEKALONGAN LPG [PKLN],1VZ1,L609
SELASA WEEK 1,1V02,YUKUM JAYA 3 [YJA3],1VZ1,1V93
RABU WEEK 1,1V58,TEMPURAN [TMPR],1VZ1,1V93
RABU WEEK 1,L037,GANJAR AGUNG [L_GJA],1VZ1,L609
RABU WEEK 1,L041,SOEKARNO HATTA - LPG [L_SRHT],1VZ1,L609
RABU WEEK 1,L549,SOEKARNO HATTA 2 MTR [SH2M],1VZ1,L609
RABU WEEK 1,1V88,SOEKARNO HATTA 3 MTR/F [SH3M],1VZ1,1V93
RABU WEEK 1,1VD7,BUDI UTOMO [BDTM],1VZ1,1V93
RABU WEEK 1,L067,MARGOTOTO [MGTT],1VZ1,L609
RABU WEEK 1,L292,YOS SUDARSO METRO [YSRM],1VZ1,L609
RABU WEEK 1,1VN8,YOS SUDARSO 2 METRO [YSSM],1VZ1,1V93
RABU WEEK 1,L047,JL.RIYACHUDU - LPG [L_RHU],1VZ1,1V93
RABU WEEK 1,1V93,JENSUD METRO [JSMT],1VZ1,1V93
RABU WEEK 1,1VV9,LINTAS GANJAR AGUNG/F [LAJAR],1VZ1,1V93
KAMIS WEEK 1,L428,JEN-SUD BANDAR JAYA [JSBJ],1VZ1,L609
KAMIS WEEK 1,1VO4,KSB MASJID ISTIQLAL/F [KMJI],1VZ1,1V93
KAMIS WEEK 1,L114,YUKUM JAYA [YMJY],1VZ1,L609
KAMIS WEEK 1,1VS1,KSO YOGI MART/F [KSYM],1VZ1,1V93
KAMIS WEEK 1,L119,YUKUM JAYA 2 [YJY2],1VZ1,L609
KAMIS WEEK 1,1V02,YUKUM JAYA 3 [YJA3],1VZ1,1V93
KAMIS WEEK 1,L282,A YANI PONCOWATI [AYPC],1VZ1,L609
KAMIS WEEK 1,1VR2,KSO FF MART/F [KSFM],1VZ1,1V93
KAMIS WEEK 1,1V21,SEPUTIH JAYA [SPJY],1VZ1,1V93
KAMIS WEEK 1,L107,GUNUNG SUGIH [GNSH],1VZ1,L609
KAMIS WEEK 1,1V35,PUNGGUR [PGGR],1VZ1,1V93
KAMIS WEEK 1,L025,RAYA PUNGGUR [L_RYPR],1VZ1,L609
JUMAT WEEK 1,L024,A. YANI METRO [L_AYMT],1VZ1,L609
JUMAT WEEK 1,L335,A YANI 2 METRO [AY2M],1VZ1,L609
JUMAT WEEK 1,L579,A. YANI 3 METRO FRC/F [A3MT],1VZ1,L609
JUMAT WEEK 1,1V96,IRING MULYO [IRMO],1VZ1,1V93
JUMAT WEEK 1,1VU4,KSO SPBU TEJOAGUNG/F [KPTJ],1VZ1,1V93
JUMAT WEEK 1,1VM9,SUTAN SYAHRIR METRO [SSYR],1VZ1,1V93
JUMAT WEEK 1,L058,BATANGHARI LPG [BTHR],1VZ1,L609
JUMAT WEEK 1,L553,ALAMSYAH RPN 2 MTR [AR2M],1VZ1,L609
JUMAT WEEK 1,L564,ALAMSYAH RPN METRO/F [AHRM],1VZ1,L609
JUMAT WEEK 1,L026,AH. NASUTION [L_AHN],1VZ1,L609
JUMAT WEEK 1,L525,AH. NASUTION FRC/F [AHNF],1VZ1,L609
JUMAT WEEK 1,1VV8,BANJAR REJO/F [BANRE],1VZ1,1V93
SABTU WEEK 1,1VU3,VETERAN METRO/F [VTRO],1VZ1,1V93
SABTU WEEK 1,L040,PATIMURA LAMPUNG [L_PTMR],1VZ1,L609
SABTU WEEK 1,1VL8,PURWOSARI/F [PUSR],1VZ1,1V93
SABTU WEEK 1,1VM8,PURWOASRI METRO [PWAI],1VZ1,1V93
SABTU WEEK 1,L289,DR SUTOMO METRO [DRSM],1VZ1,L609
SABTU WEEK 1,1V61,DR. SUTOMO 2 METRO [DST2M],1VZ1,1V93
SABTU WEEK 1,L028,IMAM BONJOL [L_IMBL],1VZ1,L609
SABTU WEEK 1,1V85,IMAM BONJOL 2 METRO/F [IB2M],1VZ1,1V93
SABTU WEEK 1,L291,DIPONEGORO METRO [DPGM],1VZ1,L609
SABTU WEEK 1,L023,SUKARSO LAMPUNG [L_SKRO],1VZ1,L609
SABTU WEEK 1,L052,RADEN INTAN LPG [RDIN],1VZ1,L609
SABTU WEEK 1,L446,WOLTER MONGINSIDIMTR [WMTR],1VZ1,L609
SENIN WEEK 2,L054,KOTA GAJAH LPG [KGJH],1VZ1,L609
SENIN WEEK 2,L082,KOTA GAJAH 2 [KGH2],1VZ1,L609
SENIN WEEK 2,L100,KOTA GAJAH 3/F [KGH3],1VZ1,L609
SENIN WEEK 2,1V11,KOTA GAJAH 4 [KTG4],1VZ1,1V93
SENIN WEEK 2,1V53,RAMA INDERA [RAIRA],1VZ1,1V93
SENIN WEEK 2,L061,SEPUTIH RAHMAN [SPRN],1VZ1,L609
SENIN WEEK 2,1V23,SEPUTIH RAMAN 2 [SPRM2],1VZ1,1V93
SENIN WEEK 2,1V55,SPBU SEPUTIH BANYAK/F [SPBUSB],1VZ1,1V93
SENIN WEEK 2,L085,RY SEPUTIH BANYAK [RSB],1VZ1,L609
SENIN WEEK 2,L072,SIMPANG RANDU [SPRU],1VZ1,L609
SENIN WEEK 2,1VX8,REJO BASUKI,1VZ1,1V93
SENIN WEEK 2,1VW4,PURWOSARI LAMTIM [PWLA],1VZ1,1V93
SELASA WEEK 2,L276,SIMBAR WARINGIN/F [SBWG],1VZ1,L609
SELASA WEEK 2,L079,ADILUWIH TANGGAMUS [ALWH],1VZ1,L609
SELASA WEEK 2,L095,BANDUNG BARU [BDBR],1VZ1,L609
SELASA WEEK 2,L609,WARINGIN SARI [WRSI],1VZ1,L609
SELASA WEEK 2,L559,JL. KESEHATAN FRC/F [JKST],1VZ1,L609
SELASA WEEK 2,L728,KSB TRIMULYO/F [KS0M],1VZ1,L609
SELASA WEEK 2,L720,KSB BANGUN SARI/F [KSBB],1VZ1,L609
SELASA WEEK 2,1VR5,RAYA SUKOHARJO/F [RYSU],1VZ1,1V93
SELASA WEEK 2,L672,SUKOHARJO I [SKHO],1VZ1,L609
SELASA WEEK 2,1VY3,LINTAS TEMPURAN,1VZ1,1V93
SELASA WEEK 2,L094,RY. TEGINENENG [RTNG],1VZ1,L609
SELASA WEEK 2,L631,PANDAN SURAT [PDS1],1VZ1,L609
RABU WEEK 2,1V58,TEMPURAN [TMPR],1VZ1,1V93
RABU WEEK 2,L037,GANJAR AGUNG [L_GJA],1VZ1,L609
RABU WEEK 2,L041,SOEKARNO HATTA - LPG [L_SRHT],1VZ1,L609
RABU WEEK 2,L549,SOEKARNO HATTA 2 MTR [SH2M],1VZ1,L609
RABU WEEK 2,1V88,SOEKARNO HATTA 3 MTR/F [SH3M],1VZ1,1V93
RABU WEEK 2,1VD7,BUDI UTOMO [BDTM],1VZ1,1V93
RABU WEEK 2,L067,MARGOTOTO [MGTT],1VZ1,L609
RABU WEEK 2,L292,YOS SUDARSO METRO [YSRM],1VZ1,L609
RABU WEEK 2,1VN8,YOS SUDARSO 2 METRO [YSSM],1VZ1,1V93
RABU WEEK 2,L047,JL.RIYACHUDU - LPG [L_RHU],1VZ1,1V93
RABU WEEK 2,1V93,JENSUD METRO [JSMT],1VZ1,1V93
RABU WEEK 2,1VV9,LINTAS GANJAR AGUNG/F [LAJAR],1VZ1,1V93
KAMIS WEEK 2,L141,METRO WATES [MWTS],1VZ1,L609
KAMIS WEEK 2,L178,RAYA WATES [RYWS],1VZ1,L609
KAMIS WEEK 2,1VD6,AA MART/F [AMRT],1VZ1,1V93
KAMIS WEEK 2,L252,GOTONG ROYONG [GTRG],1VZ1,L609
KAMIS WEEK 2,1V59,BEKRI [BKRI],1VZ1,1V93
KAMIS WEEK 2,1V15,PANGGUNGAN [PNGAN],1VZ1,1V93
KAMIS WEEK 2,L003,PROKLAMATOR [L_PLR],1VZ1,L609
KAMIS WEEK 2,L039,A. YANI 2 LAMPUNG [L_AYI2],1VZ1,L609
KAMIS WEEK 2,1V01,A YANI 2 LAMTENG [AY2L],1VZ1,1V93
KAMIS WEEK 2,L190,SIMPANG AGUNG [SPAG],1VZ1,L609
KAMIS WEEK 2,1V27,DONO ARUM [DOAM],1VZ1,1V93
KAMIS WEEK 2,L487,PUJOKERTO FRC/F [PJKF],1VZ1,L609
JUMAT WEEK 2,L024,A. YANI METRO [L_AYMT],1VZ1,L609
JUMAT WEEK 2,L335,A YANI 2 METRO [AY2M],1VZ1,L609
JUMAT WEEK 2,L579,A. YANI 3 METRO FRC/F [A3MT],1VZ1,L609
JUMAT WEEK 2,1V96,IRING MULYO [IRMO],1VZ1,1V93
JUMAT WEEK 2,1VU4,KSO SPBU TEJOAGUNG/F [KPTJ],1VZ1,1V93
JUMAT WEEK 2,1VM9,SUTAN SYAHRIR METRO [SSYR],1VZ1,1V93
JUMAT WEEK 2,L058,BATANGHARI LPG [BTHR],1VZ1,L609
JUMAT WEEK 2,L553,ALAMSYAH RPN 2 MTR [AR2M],1VZ1,L609
JUMAT WEEK 2,L564,ALAMSYAH RPN METRO/F [AHRM],1VZ1,L609
JUMAT WEEK 2,L026,AH. NASUTION [L_AHN],1VZ1,L609
JUMAT WEEK 2,L525,AH. NASUTION FRC/F [AHNF],1VZ1,L609
JUMAT WEEK 2,1VV8,BANJAR REJO/F [BANRE],1VZ1,1V93
SABTU WEEK 2,1VU3,VETERAN METRO/F [VTRO],1VZ1,1V93
SABTU WEEK 2,L040,PATIMURA LAMPUNG [L_PTMR],1VZ1,L609
SABTU WEEK 2,1VL8,PURWOSARI/F [PUSR],1VZ1,1V93
SABTU WEEK 2,1VM8,PURWOASRI METRO [PWAI],1VZ1,1V93
SABTU WEEK 2,L289,DR SUTOMO METRO [DRSM],1VZ1,L609
SABTU WEEK 2,1V61,DR. SUTOMO 2 METRO [DST2M],1VZ1,1V93
SABTU WEEK 2,L028,IMAM BONJOL [L_IMBL],1VZ1,L609
SABTU WEEK 2,1V85,IMAM BONJOL 2 METRO/F [IB2M],1VZ1,1V93
SABTU WEEK 2,L291,DIPONEGORO METRO [DPGM],1VZ1,L609
SABTU WEEK 2,L023,SUKARSO LAMPUNG [L_SKRO],1VZ1,L609
SABTU WEEK 2,L052,RADEN INTAN LPG [RDIN],1VZ1,L609
SABTU WEEK 2,L446,WOLTER MONGINSIDIMTR [WMTR],1VZ1,L609
SENIN WEEK 3,L075,JL. JEMB. SERONG [JBSR],1VZ1,L609
SENIN WEEK 3,L113,NEGERI KATON [NGKN],1VZ1,L609
SENIN WEEK 3,L112,MENGANDUNG SARI [MGSI],1VZ1,L609
SENIN WEEK 3,L059,PUGUNG RAHARJO [PGRO],1VZ1,L609
SENIN WEEK 3,L543,IR. SUTAMI [IRS1],1VZ1,L609
SENIN WEEK 3,1VK8,KSB SIDOREJO/F [KSSJ],1VZ1,1V93
SENIN WEEK 3,L106,PASAR SIDOREJO [PSSO],1VZ1,L609
SENIN WEEK 3,L388,SEKAMPUNG [SKPG],1VZ1,L609
SENIN WEEK 3,L058,BATANGHARI LPG [BTHR],1VZ1,L609
SENIN WEEK 3,L480,BATANG HARI 2 [BTH2],1VZ1,L609
SENIN WEEK 3,1VU9,RAYA SEKAMPUNG [RSKU],1VZ1,1V93
SELASA WEEK 3,L500,SUKADANA LAMTIM [SKL1],1VZ1,L609
SELASA WEEK 3,1VN6,SUKADANA 2/F [SUKN],1VZ1,1V93
SELASA WEEK 3,1VL1,MATARAM MARGA [MRMG],1VZ1,1V93
SELASA WEEK 3,1V05,SUKADANA TENGAH,1VZ1,1V93
SELASA WEEK 3,L473,PAKUAN AJI ( FRC )/F [PKA1],1VZ1,L609
SELASA WEEK 3,L086,PSR TRIDATU [PSDT],1VZ1,L609
SELASA WEEK 3,L065,WAY JEPARA [WJR],1VZ1,L609
SELASA WEEK 3,L481,WAY JEPARA 5 [WJP5],1VZ1,L609
SELASA WEEK 3,L295,MERDEKA WAY JEPARA [MKWJ],1VZ1,L609
SELASA WEEK 3,L386,WAY JEPARA 3 [WYJ3],1VZ1,L609
SELASA WEEK 3,1V99,ADIREJO [ADJO],1VZ1,1V93
SELASA WEEK 3,L051,PEKALONGAN LPG [PKLN],1VZ1,L609
SELASA WEEK 3,1V02,YUKUM JAYA 3 [YJA3],1VZ1,1V93
RABU WEEK 3,1V58,TEMPURAN [TMPR],1VZ1,1V93
RABU WEEK 3,L037,GANJAR AGUNG [L_GJA],1VZ1,L609
RABU WEEK 3,L041,SOEKARNO HATTA - LPG [L_SRHT],1VZ1,L609
RABU WEEK 3,L549,SOEKARNO HATTA 2 MTR [SH2M],1VZ1,L609
RABU WEEK 3,1V88,SOEKARNO HATTA 3 MTR/F [SH3M],1VZ1,1V93
RABU WEEK 3,1VD7,BUDI UTOMO [BDTM],1VZ1,1V93
RABU WEEK 3,L067,MARGOTOTO [MGTT],1VZ1,L609
RABU WEEK 3,L292,YOS SUDARSO METRO [YSRM],1VZ1,L609
RABU WEEK 3,1VN8,YOS SUDARSO 2 METRO [YSSM],1VZ1,1V93
RABU WEEK 3,L047,JL.RIYACHUDU - LPG [L_RHU],1VZ1,1V93
RABU WEEK 3,1V93,JENSUD METRO [JSMT],1VZ1,1V93
RABU WEEK 3,1VV9,LINTAS GANJAR AGUNG/F [LAJAR],1VZ1,1V93
KAMIS WEEK 3,L428,JEN-SUD BANDAR JAYA [JSBJ],1VZ1,L609
KAMIS WEEK 3,1VO4,KSB MASJID ISTIQLAL/F [KMJI],1VZ1,1V93
KAMIS WEEK 3,L114,YUKUM JAYA [YMJY],1VZ1,L609
KAMIS WEEK 3,1VS1,KSO YOGI MART/F [KSYM],1VZ1,1V93
KAMIS WEEK 3,L119,YUKUM JAYA 2 [YJY2],1VZ1,L609
KAMIS WEEK 3,1V02,YUKUM JAYA 3 [YJA3],1VZ1,1V93
KAMIS WEEK 3,L282,A YANI PONCOWATI [AYPC],1VZ1,L609
KAMIS WEEK 3,1VR2,KSO FF MART/F [KSFM],1VZ1,1V93
KAMIS WEEK 3,1V21,SEPUTIH JAYA [SPJY],1VZ1,1V93
KAMIS WEEK 3,L107,GUNUNG SUGIH [GNSH],1VZ1,L609
KAMIS WEEK 3,1V35,PUNGGUR [PGGR],1VZ1,1V93
KAMIS WEEK 3,L025,RAYA PUNGGUR [L_RYPR],1VZ1,L609
JUMAT WEEK 3,L024,A. YANI METRO [L_AYMT],1VZ1,L609
JUMAT WEEK 3,L335,A YANI 2 METRO [AY2M],1VZ1,L609
JUMAT WEEK 3,L579,A. YANI 3 METRO FRC/F [A3MT],1VZ1,L609
JUMAT WEEK 3,1V96,IRING MULYO [IRMO],1VZ1,1V93
JUMAT WEEK 3,1VU4,KSO SPBU TEJOAGUNG/F [KPTJ],1VZ1,1V93
JUMAT WEEK 3,1VM9,SUTAN SYAHRIR METRO [SSYR],1VZ1,1V93
JUMAT WEEK 3,L058,BATANGHARI LPG [BTHR],1VZ1,L609
JUMAT WEEK 3,L553,ALAMSYAH RPN 2 MTR [AR2M],1VZ1,L609
JUMAT WEEK 3,L564,ALAMSYAH RPN METRO/F [AHRM],1VZ1,L609
JUMAT WEEK 3,L026,AH. NASUTION [L_AHN],1VZ1,L609
JUMAT WEEK 3,L525,AH. NASUTION FRC/F [AHNF],1VZ1,L609
JUMAT WEEK 3,1VV8,BANJAR REJO/F [BANRE],1VZ1,1V93
SABTU WEEK 3,1VU3,VETERAN METRO/F [VTRO],1VZ1,1V93
SABTU WEEK 3,L040,PATIMURA LAMPUNG [L_PTMR],1VZ1,L609
SABTU WEEK 3,1VL8,PURWOSARI/F [PUSR],1VZ1,1V93
SABTU WEEK 3,1VM8,PURWOASRI METRO [PWAI],1VZ1,1V93
SABTU WEEK 3,L289,DR SUTOMO METRO [DRSM],1VZ1,L609
SABTU WEEK 3,1V61,DR. SUTOMO 2 METRO [DST2M],1VZ1,1V93
SABTU WEEK 3,L028,IMAM BONJOL [L_IMBL],1VZ1,L609
SABTU WEEK 3,1V85,IMAM BONJOL 2 METRO/F [IB2M],1VZ1,1V93
SABTU WEEK 3,L291,DIPONEGORO METRO [DPGM],1VZ1,L609
SABTU WEEK 3,L023,SUKARSO LAMPUNG [L_SKRO],1VZ1,L609
SABTU WEEK 3,L052,RADEN INTAN LPG [RDIN],1VZ1,L609
SABTU WEEK 3,L446,WOLTER MONGINSIDIMTR [WMTR],1VZ1,L609
SENIN WEEK 4,L054,KOTA GAJAH LPG [KGJH],1VZ1,L609
SENIN WEEK 4,L082,KOTA GAJAH 2 [KGH2],1VZ1,L609
SENIN WEEK 4,L100,KOTA GAJAH 3/F [KGH3],1VZ1,L609
SENIN WEEK 4,1V11,KOTA GAJAH 4 [KTG4],1VZ1,1V93
SENIN WEEK 4,1V53,RAMA INDERA [RAIRA],1VZ1,1V93
SENIN WEEK 4,L061,SEPUTIH RAHMAN [SPRN],1VZ1,L609
SENIN WEEK 4,1V23,SEPUTIH RAMAN 2 [SPRM2],1VZ1,1V93
SENIN WEEK 4,1V55,SPBU SEPUTIH BANYAK/F [SPBUSB],1VZ1,1V93
SENIN WEEK 4,L085,RY SEPUTIH BANYAK [RSB],1VZ1,L609
SENIN WEEK 4,L072,SIMPANG RANDU [SPRU],1VZ1,L609
SENIN WEEK 4,1VX8,REJO BASUKI,1VZ1,1V93
SENIN WEEK 4,1VW4,PURWOSARI LAMTIM [PWLA],1VZ1,1V93
SELASA WEEK 4,L276,SIMBAR WARINGIN/F [SBWG],1VZ1,L609
SELASA WEEK 4,L079,ADILUWIH TANGGAMUS [ALWH],1VZ1,L609
SELASA WEEK 4,L095,BANDUNG BARU [BDBR],1VZ1,L609
SELASA WEEK 4,L609,WARINGIN SARI [WRSI],1VZ1,L609
SELASA WEEK 4,L559,JL. KESEHATAN FRC/F [JKST],1VZ1,L609
SELASA WEEK 4,L728,KSB TRIMULYO/F [KS0M],1VZ1,L609
SELASA WEEK 4,L720,KSB BANGUN SARI/F [KSBB],1VZ1,L609
SELASA WEEK 4,1VR5,RAYA SUKOHARJO/F [RYSU],1VZ1,1V93
SELASA WEEK 4,L672,SUKOHARJO I [SKHO],1VZ1,L609
SELASA WEEK 4,1VY3,LINTAS TEMPURAN,1VZ1,1V93
SELASA WEEK 4,L094,RY. TEGINENENG [RTNG],1VZ1,L609
SELASA WEEK 4,L631,PANDAN SURAT [PDS1],1VZ1,L609
RABU WEEK 4,1V58,TEMPURAN [TMPR],1VZ1,1V93
RABU WEEK 4,L037,GANJAR AGUNG [L_GJA],1VZ1,L609
RABU WEEK 4,L041,SOEKARNO HATTA - LPG [L_SRHT],1VZ1,L609
RABU WEEK 4,L549,SOEKARNO HATTA 2 MTR [SH2M],1VZ1,L609
RABU WEEK 4,1V88,SOEKARNO HATTA 3 MTR/F [SH3M],1VZ1,1V93
RABU WEEK 4,1VD7,BUDI UTOMO [BDTM],1VZ1,1V93
RABU WEEK 4,L067,MARGOTOTO [MGTT],1VZ1,L609
RABU WEEK 4,L292,YOS SUDARSO METRO [YSRM],1VZ1,L609
RABU WEEK 4,1VN8,YOS SUDARSO 2 METRO [YSSM],1VZ1,1V93
RABU WEEK 4,L047,JL.RIYACHUDU - LPG [L_RHU],1VZ1,1V93
RABU WEEK 4,1V93,JENSUD METRO [JSMT],1VZ1,1V93
RABU WEEK 4,1VV9,LINTAS GANJAR AGUNG/F [LAJAR],1VZ1,1V93
KAMIS WEEK 4,L141,METRO WATES [MWTS],1VZ1,L609
KAMIS WEEK 4,L178,RAYA WATES [RYWS],1VZ1,L609
KAMIS WEEK 4,1VD6,AA MART/F [AMRT],1VZ1,1V93
KAMIS WEEK 4,L252,GOTONG ROYONG [GTRG],1VZ1,L609
KAMIS WEEK 4,1V59,BEKRI [BKRI],1VZ1,1V93
KAMIS WEEK 4,1V15,PANGGUNGAN [PNGAN],1VZ1,1V93
KAMIS WEEK 4,L003,PROKLAMATOR [L_PLR],1VZ1,L609
KAMIS WEEK 4,L039,A. YANI 2 LAMPUNG [L_AYI2],1VZ1,L609
KAMIS WEEK 4,1V01,A YANI 2 LAMTENG [AY2L],1VZ1,1V93
KAMIS WEEK 4,L190,SIMPANG AGUNG [SPAG],1VZ1,L609
KAMIS WEEK 4,1V27,DONO ARUM [DOAM],1VZ1,1V93
KAMIS WEEK 4,L487,PUJOKERTO FRC/F [PJKF],1VZ1,L609
JUMAT WEEK 4,L024,A. YANI METRO [L_AYMT],1VZ1,L609
JUMAT WEEK 4,L335,A YANI 2 METRO [AY2M],1VZ1,L609
JUMAT WEEK 4,L579,A. YANI 3 METRO FRC/F [A3MT],1VZ1,L609
JUMAT WEEK 4,1V96,IRING MULYO [IRMO],1VZ1,1V93
JUMAT WEEK 4,1VU4,KSO SPBU TEJOAGUNG/F [KPTJ],1VZ1,1V93
JUMAT WEEK 4,1VM9,SUTAN SYAHRIR METRO [SSYR],1VZ1,1V93
JUMAT WEEK 4,L058,BATANGHARI LPG [BTHR],1VZ1,L609
JUMAT WEEK 4,L553,ALAMSYAH RPN 2 MTR [AR2M],1VZ1,L609
JUMAT WEEK 4,L564,ALAMSYAH RPN METRO/F [AHRM],1VZ1,L609
JUMAT WEEK 4,L026,AH. NASUTION [L_AHN],1VZ1,L609
JUMAT WEEK 4,L525,AH. NASUTION FRC/F [AHNF],1VZ1,L609
JUMAT WEEK 4,1VV8,BANJAR REJO/F [BANRE],1VZ1,1V93
SABTU WEEK 4,1VU3,VETERAN METRO/F [VTRO],1VZ1,1V93
SABTU WEEK 4,L040,PATIMURA LAMPUNG [L_PTMR],1VZ1,L609
SABTU WEEK 4,1VL8,PURWOSARI/F [PUSR],1VZ1,1V93
SABTU WEEK 4,1VM8,PURWOASRI METRO [PWAI],1VZ1,1V93
SABTU WEEK 4,L289,DR SUTOMO METRO [DRSM],1VZ1,L609
SABTU WEEK 4,1V61,DR. SUTOMO 2 METRO [DST2M],1VZ1,1V93
SABTU WEEK 4,L028,IMAM BONJOL [L_IMBL],1VZ1,L609
SABTU WEEK 4,1V85,IMAM BONJOL 2 METRO/F [IB2M],1VZ1,1V93
SABTU WEEK 4,L291,DIPONEGORO METRO [DPGM],1VZ1,L609
SABTU WEEK 4,L023,SUKARSO LAMPUNG [L_SKRO],1VZ1,L609
SABTU WEEK 4,L052,RADEN INTAN LPG [RDIN],1VZ1,L609
SABTU WEEK 4,L446,WOLTER MONGINSIDIMTR [WMTR],1VZ1,L609
SENIN WEEK 5,L075,JL. JEMB. SERONG [JBSR],1VZ1,L609
SENIN WEEK 5,L113,NEGERI KATON [NGKN],1VZ1,L609
SENIN WEEK 5,L112,MENGANDUNG SARI [MGSI],1VZ1,L609
SENIN WEEK 5,L059,PUGUNG RAHARJO [PGRO],1VZ1,L609
SENIN WEEK 5,L543,IR. SUTAMI [IRS1],1VZ1,L609
SENIN WEEK 5,1VK8,KSB SIDOREJO/F [KSSJ],1VZ1,1V93
SENIN WEEK 5,L106,PASAR SIDOREJO [PSSO],1VZ1,L609
SENIN WEEK 5,L388,SEKAMPUNG [SKPG],1VZ1,L609
SENIN WEEK 5,L058,BATANGHARI LPG [BTHR],1VZ1,L609
SENIN WEEK 5,L480,BATANG HARI 2 [BTH2],1VZ1,L609
SENIN WEEK 5,1VU9,RAYA SEKAMPUNG [RSKU],1VZ1,1V93
SELASA WEEK 5,L500,SUKADANA LAMTIM [SKL1],1VZ1,L609
SELASA WEEK 5,1VN6,SUKADANA 2/F [SUKN],1VZ1,1V93
SELASA WEEK 5,1VL1,MATARAM MARGA [MRMG],1VZ1,1V93
SELASA WEEK 5,1V05,SUKADANA TENGAH,1VZ1,1V93
SELASA WEEK 5,L473,PAKUAN AJI ( FRC )/F [PKA1],1VZ1,L609
SELASA WEEK 5,L086,PSR TRIDATU [PSDT],1VZ1,L609
SELASA WEEK 5,L065,WAY JEPARA [WJR],1VZ1,L609
SELASA WEEK 5,L481,WAY JEPARA 5 [WJP5],1VZ1,L609
SELASA WEEK 5,L295,MERDEKA WAY JEPARA [MKWJ],1VZ1,L609
SELASA WEEK 5,L386,WAY JEPARA 3 [WYJ3],1VZ1,L609
SELASA WEEK 5,1V99,ADIREJO [ADJO],1VZ1,1V93
SELASA WEEK 5,L051,PEKALONGAN LPG [PKLN],1VZ1,L609
SELASA WEEK 5,1V02,YUKUM JAYA 3 [YJA3],1VZ1,1V93
RABU WEEK 5,1V58,TEMPURAN [TMPR],1VZ1,1V93
RABU WEEK 5,L037,GANJAR AGUNG [L_GJA],1VZ1,L609
RABU WEEK 5,L041,SOEKARNO HATTA - LPG [L_SRHT],1VZ1,L609
RABU WEEK 5,L549,SOEKARNO HATTA 2 MTR [SH2M],1VZ1,L609
RABU WEEK 5,1V88,SOEKARNO HATTA 3 MTR/F [SH3M],1VZ1,1V93
RABU WEEK 5,1VD7,BUDI UTOMO [BDTM],1VZ1,1V93
RABU WEEK 5,L067,MARGOTOTO [MGTT],1VZ1,L609
RABU WEEK 5,L292,YOS SUDARSO METRO [YSRM],1VZ1,L609
RABU WEEK 5,1VN8,YOS SUDARSO 2 METRO [YSSM],1VZ1,1V93
RABU WEEK 5,L047,JL.RIYACHUDU - LPG [L_RHU],1VZ1,1V93
RABU WEEK 5,1V93,JENSUD METRO [JSMT],1VZ1,1V93
RABU WEEK 5,1VV9,LINTAS GANJAR AGUNG/F [LAJAR],1VZ1,1V93
KAMIS WEEK 5,L428,JEN-SUD BANDAR JAYA [JSBJ],1VZ1,L609
KAMIS WEEK 5,1VO4,KSB MASJID ISTIQLAL/F [KMJI],1VZ1,1V93
KAMIS WEEK 5,L114,YUKUM JAYA [YMJY],1VZ1,L609
KAMIS WEEK 5,1VS1,KSO YOGI MART/F [KSYM],1VZ1,1V93
KAMIS WEEK 5,L119,YUKUM JAYA 2 [YJY2],1VZ1,L609
KAMIS WEEK 5,1V02,YUKUM JAYA 3 [YJA3],1VZ1,1V93
KAMIS WEEK 5,L282,A YANI PONCOWATI [AYPC],1VZ1,L609
KAMIS WEEK 5,1VR2,KSO FF MART/F [KSFM],1VZ1,1V93
KAMIS WEEK 5,1V21,SEPUTIH JAYA [SPJY],1VZ1,1V93
KAMIS WEEK 5,L107,GUNUNG SUGIH [GNSH],1VZ1,L609
KAMIS WEEK 5,1V35,PUNGGUR [PGGR],1VZ1,1V93
KAMIS WEEK 5,L025,RAYA PUNGGUR [L_RYPR],1VZ1,L609
JUMAT WEEK 5,L024,A. YANI METRO [L_AYMT],1VZ1,L609
JUMAT WEEK 5,L335,A YANI 2 METRO [AY2M],1VZ1,L609
JUMAT WEEK 5,L579,A. YANI 3 METRO FRC/F [A3MT],1VZ1,L609
JUMAT WEEK 5,1V96,IRING MULYO [IRMO],1VZ1,1V93
JUMAT WEEK 5,1VU4,KSO SPBU TEJOAGUNG/F [KPTJ],1VZ1,1V93
JUMAT WEEK 5,1VM9,SUTAN SYAHRIR METRO [SSYR],1VZ1,1V93
JUMAT WEEK 5,L058,BATANGHARI LPG [BTHR],1VZ1,L609
JUMAT WEEK 5,L553,ALAMSYAH RPN 2 MTR [AR2M],1VZ1,L609
JUMAT WEEK 5,L564,ALAMSYAH RPN METRO/F [AHRM],1VZ1,L609
JUMAT WEEK 5,L026,AH. NASUTION [L_AHN],1VZ1,L609
JUMAT WEEK 5,L525,AH. NASUTION FRC/F [AHNF],1VZ1,L609
JUMAT WEEK 5,1VV8,BANJAR REJO/F [BANRE],1VZ1,1V93
SABTU WEEK 5,1VU3,VETERAN METRO/F [VTRO],1VZ1,1V93
SABTU WEEK 5,L040,PATIMURA LAMPUNG [L_PTMR],1VZ1,L609
SABTU WEEK 5,1VL8,PURWOSARI/F [PUSR],1VZ1,1V93
SABTU WEEK 5,1VM8,PURWOASRI METRO [PWAI],1VZ1,1V93
SABTU WEEK 5,L289,DR SUTOMO METRO [DRSM],1VZ1,L609
SABTU WEEK 5,1V61,DR. SUTOMO 2 METRO [DST2M],1VZ1,1V93
SABTU WEEK 5,L028,IMAM BONJOL [L_IMBL],1VZ1,L609
SABTU WEEK 5,1V85,IMAM BONJOL 2 METRO/F [IB2M],1VZ1,1V93
SABTU WEEK 5,L291,DIPONEGORO METRO [DPGM],1VZ1,L609
SABTU WEEK 5,L023,SUKARSO LAMPUNG [L_SKRO],1VZ1,L609
SABTU WEEK 5,L052,RADEN INTAN LPG [RDIN],1VZ1,L609
SABTU WEEK 5,L446,WOLTER MONGINSIDIMTR [WMTR],1VZ1,L609
SENIN WEEK 1,KD80,PLAZA KENARI MAS [PLKM],KZ01,K930
SENIN WEEK 1,KF12,X SALEMBA [XSLM],KZ01,K930
SENIN WEEK 1,J446,SALEMBA TENGAH 2 [STGH],KZ01,K930
SENIN WEEK 1,KE78,SALEMBA TENGAH 21 [ST21],KZ01,K930
SENIN WEEK 1,KC80,SALEMBA TENGAH 3 [SATH],KZ01,K930
SENIN WEEK 1,KE24,SALEMBA BLUNTAS 76 [SELU],KZ01,K930
SENIN WEEK 1,KE64,PRAMUKA 391 [P391],KZ01,K930
SENIN WEEK 1,J314,RW.MANGUN CPK PUTIH [RWMN],JZ01,JC15
SENIN WEEK 1,J730,PRAMUKA 4 [PMK4],JZ01,JC15
SENIN WEEK 1,JC42,GREEN PRAMUKA NERINE [GPNR],JZ01,JC15
SENIN WEEK 1,JB67,GP BOUGENVILLE [GPB],JZ01,JC15
SENIN WEEK 1,J869,APT GREEN PRAMUKA [AGPK],JZ01,JC15
SENIN WEEK 1,J889,APT GREEN PRAMUKA 2 [AGP2],JZ01,JC15
SENIN WEEK 1,J784,PERCETAKAN NEGARA 3 [PCE3],JZ01,JC15
SENIN WEEK 1,JD42,PERCETAKAN NEGARA 57 [PN57],JZ01,JC15
SENIN WEEK 1,J431,CEMPAKA RAYA/F [CPRY],JZ01,JC15
SENIN WEEK 1,J179,MARDANI 2 [MDI],JZ01,JC15
SELASA WEEK 1,K362,KEBON RAYA [KBRA],KZ01,K930
SELASA WEEK 1,KF26,DURI RAYA 108 [DRYA],KZ01,K930
SELASA WEEK 1,K508,KEDOYA DURI 2 [KOR2],KZ01,K930
SELASA WEEK 1,K289,KEDOYA DURI RAYA [DOYA],KZ01,K930
SELASA WEEK 1,KC33,PILAR RAYA [PIRY],KZ01,K930
SELASA WEEK 1,KC84,TAMAN KEDOYA ELOK [TMKE],KZ01,K930
SELASA WEEK 1,KC49,APARTEMENT METROPARK [APMK],KZ01,K930
SELASA WEEK 1,K460,KEDOYA RAYA 2 [AYA2],KZ01,K930
SELASA WEEK 1,K293,KEDOYA RAYA [KDYA],KZ01,K930
SELASA WEEK 1,KB26,KEDOYA RAYA 3 [KDR3],KZ01,K930
SELASA WEEK 1,KB94,PANJANG GREEN GARDEN [PAGG],KZ01,K930
SELASA WEEK 1,KF08,GREEN GARDEN A13 [GA13],KZ01,K930
SELASA WEEK 1,KB32,KEDOYA GREEN GARDEN [KDGG],KZ01,K930
SELASA WEEK 1,K292,KEDOYA 3 [KDY3],KZ01,K930
SELASA WEEK 1,KD72,TAMAN RATU INDAH [TRIN],KZ01,K930
SELASA WEEK 1,KC03,TAMAN RATU [TMNR],KZ01,K930
SELASA WEEK 1,KD11,RATU MELATI [RAML],KZ01,K930
SELASA WEEK 1,KD89,GG MACAN 2 [GGM2],KZ01,K930
RABU WEEK 1,K881,MANGGA BESAR RAYA 2 [MBS2],KZ01,K930
RABU WEEK 1,KB91,MABES D LAPAN [MBDN],KZ01,K930
RABU WEEK 1,K238,MANGGA BESAR 8 [MGG8],KZ01,K930
RABU WEEK 1,KE53,MANGGA BESAR TMNSARI [MBTA],KZ01,K930
RABU WEEK 1,KB78,MANGGA BESAR 6 [MABS],KZ01,K930
RABU WEEK 1,KE34,DWI WARNA 3 [DIWA],KZ01,K930
RABU WEEK 1,J913,DWI WARNA [DWWN],KZ01,K930
RABU WEEK 1,KE35,LAUTZE 75 [LA75],KZ01,K930
RABU WEEK 1,J216,KREKOT BUNDER [KTBR],KZ01,K930
RABU WEEK 1,J664,LAUTZE [LTZE],KZ01,K930
RABU WEEK 1,KD25,KARTINI [ARNI],KZ01,K930
RABU WEEK 1,KE68,SAMANHUDI RAYA [SAAY],KZ01,K930
RABU WEEK 1,J871,GUNUNG SAHARI 2 [GSR2],KZ01,K930
RABU WEEK 1,KE65,GUNUNG SAHARI RAYA [GUSY],KZ01,K930
RABU WEEK 1,J387,GUNUNG SAHARI [GSHI],KZ01,K930
RABU WEEK 1,KF22,BUNGUR 31 [BNG3],KZ01,K930
KAMIS WEEK 1,K803,RASAMALA/F [MALA],KZ01,K930
KAMIS WEEK 1,KC20,DAAN MOGOT GROGOL [DNMG],KZ01,K930
KAMIS WEEK 1,KD38,LATUMENTEN 11 [LATN],KZ01,K930
KAMIS WEEK 1,K951,JELAMBAR HADIAH [JRHA],KZ01,K930
KAMIS WEEK 1,KB92,JL. HADIAH [JLHD],KZ01,K930
KAMIS WEEK 1,KE75,JELAMBAR HADIAH 2 [JEH2],KZ01,K930
KAMIS WEEK 1,KE33,MERPATI RAYA 3 [MTR3],KZ01,K930
KAMIS WEEK 1,KC45,JELAMBAR UTAMA SAKTI [JBUS],KZ01,K930
KAMIS WEEK 1,K260,JELAMBAR UTAMA [KJRU],KZ01,K930
KAMIS WEEK 1,K505,JELAMBAR UTAMA 2 [JU2],KZ01,K930
KAMIS WEEK 1,K178,JELAMBAR JAYA [KJLJ],KZ01,K930
KAMIS WEEK 1,KE81,JELAMBAR BARU VIII [JEBU],KZ01,K930
KAMIS WEEK 1,KD23,GROGOL PERMAI [GRLI],KZ01,K930
KAMIS WEEK 1,K270,TAMAN HARAPAN INDAH/F [KTHI],KZ01,K930
KAMIS WEEK 1,KE41,PTB ANGKE JAYA 6 [PBAJ],KZ01,K930
KAMIS WEEK 1,K268,DUTA MAS [DTMS],KZ01,K930
KAMIS WEEK 1,K913,JELAMBAR BARAT 2 [JBT2],KZ01,K930
KAMIS WEEK 1,K258,JELAMBAR BARAT [JRBT],KZ01,K930
KAMIS WEEK 1,KE18,SENI BUDAYA II [SEDA],KZ01,K930
KAMIS WEEK 1,K943,SENI BUDAYA JLMBAR 2 [SNBA],KZ01,K930
JUMAT WEEK 1,J905,AWALUDIN [AWLD],KZ01,K930
JUMAT WEEK 1,KE50,KH MOH MANSYUR /F [KHMO],KZ01,K930
JUMAT WEEK 1,K202,KRENDANG UTARA [KRUT],KZ01,K930
JUMAT WEEK 1,KF09,KRENDANG UTARA II [KNTA],KZ01,K930
JUMAT WEEK 1,KC07,SAWAH LIO 3 [SWHL],KZ01,K930
JUMAT WEEK 1,K184,SAWAH LIO [KSWL],KZ01,K930
JUMAT WEEK 1,J910,ANGKE JAYA 3 [AJA3],KZ01,K930
JUMAT WEEK 1,K206,ANGKE JAYA [KAGJ],KZ01,K930
JUMAT WEEK 1,KA32,PTB ANGKE 3 [PTB3],KZ01,K930
JUMAT WEEK 1,K227,ANGKE SAMARASA [AKSA],KZ01,K930
JUMAT WEEK 1,KE54,LATUMENTEN ANGKE [LAAN],KZ01,K930
JUMAT WEEK 1,KB98,LATUMETEN 3 [LAT3],KZ01,K930
JUMAT WEEK 1,KE76,JEMBATAN GAMBANG 25 [JG25],TZ01,K930
JUMAT WEEK 1,KE66,PEJAGALAN I [PELA],KZ01,K930
JUMAT WEEK 1,J933,PEJAGALAN 3 [PJL3],KZ01,K930
JUMAT WEEK 1,K271,PEJAGALAN 2 [PGL2],KZ01,K930
JUMAT WEEK 1,KA60,BANDENGAN SELATAN 2 [BSE2],KZ01,K930
JUMAT WEEK 1,K975,BANDENGAN SELATAN [BDGS],KZ01,K930
JUMAT WEEK 1,KE20,BANDENGAN UTARA/F [BNUR],KZ01,K930
JUMAT WEEK 1,K451,JL. KOPI [JKPI],KZ01,K930
SABTU WEEK 1,KE98,MENTENG PULO [MEPU],KZ01,K930
SABTU WEEK 1,KE29,LONTAR [LONT],KZ01,K930
SABTU WEEK 1,KE30,MENTENG ATS SLATAN 3 [MESA],KZ01,K930
SABTU WEEK 1,K793,MENTENG ATAS [MTAS],KZ01,K930
SABTU WEEK 1,KE11,MURIA TANJAKAN 6 [MIKA],KZ01,K930
SABTU WEEK 1,KD43,SAWAH LUNTO [SATO],KZ01,K930
SABTU WEEK 1,KC83,MENTENG WADAS 12/F [MENT],KZ01,K930
SABTU WEEK 1,KD58,MINANGKABAU [MING],KZ01,K930
SABTU WEEK 1,KD16,SWADAYA [SWDA],KZ01,K930
SABTU WEEK 1,KF49,AL BARKAH NO 33 [ALBA],KZ01,K930
SABTU WEEK 1,K802,BARKAH [BKAH],KZ01,K930
SABTU WEEK 1,KE77,BARKAH 2 [BAR2],KZ01,K930
SABTU WEEK 1,KE74,BUKIT DURI UTARA [BIDU],KZ01,K930
SABTU WEEK 1,1MD4,ABDULLAH SYAFEI [ABSY],KZ01,K930
SABTU WEEK 1,K799,BUKIT DURI SELATAN [BDRS],KZ01,K930
SENIN WEEK 2,KD09,GURU MUGNI 2 [GURU],KZ01,K930
SENIN WEEK 2,KE59,KEBAYORAN LAMA 2/F [KLM2],KZ01,K930
SENIN WEEK 2,KE21,MESJID AL ANWAR [MEAL],KZ01,K930
SENIN WEEK 2,KE42,KEMANDORAN VIII [KEVI],KZ01,K930
SENIN WEEK 2,KA16,KEBAYORAN LAMA 6 [KBL6],KZ01,K930
SENIN WEEK 2,K697,KEBAYORAN LAMA 5 [YOR5],KZ01,K930
SENIN WEEK 2,KF75,CIDODOL KP. BARU [CDKB],KZ01,K930
SENIN WEEK 2,K919,RAWA SIMPRUG [RWSG],KZ01,K930
SENIN WEEK 2,K466,JL. ASSIROT [ASRT],KZ01,K930
SENIN WEEK 2,KD71,PANJANG CIDODOL 10 [PJCL],KZ01,K930
SENIN WEEK 2,K231,PANJANG CIDODOL [PNDL],KZ01,K930
SENIN WEEK 2,K173,PANJANG [PJG],KZ01,K930
SENIN WEEK 2,KF89,KEBAYORAN LAMA RAYA,KZ01,K930
SENIN WEEK 2,KD76,HAJI TOHIR [HATI],KZ01,K930
SENIN WEEK 2,KA24,POS PENGUMBEN 3 [PPE3],KZ01,K930
SENIN WEEK 2,K958,POS PENGUMBEN 2 [PPE2],KZ01,K930
SENIN WEEK 2,K525,KELAPA DUA KBN JERUK/F [KDKJ],KZ01,K930
SENIN WEEK 2,KA03,H. KELIK 2 [KLI2],TZ01,K930
SENIN WEEK 2,K563,H KELIK [HKLK],KZ01,K930
SENIN WEEK 2,K457,SASAK [SSAK],KZ01,K930
SELASA WEEK 2,KF53,CIDENG BARAT 74 [CNBA],KZ01,K930
SELASA WEEK 2,KF77,CIDENG TIMUR 67 [CDTM],KZ01,K930
SELASA WEEK 2,J210,MUSI [MSI],KZ01,K930
SELASA WEEK 2,KD50,MUSI 2 [MUSI],KZ01,K930
SELASA WEEK 2,KC73,KOTA BARU [KTAB],KZ01,K930
SELASA WEEK 2,J534,PENJERNIHAN [PJHN],KZ01,K930
SELASA WEEK 2,KD87,KYAI CARINGIN [KACA],KZ01,K930
SELASA WEEK 2,J590,PERSATUAN GURU [PGU],KZ01,K930
SELASA WEEK 2,KF10,BALIKPAPAN 11 [BLPN],KZ01,K930
SELASA WEEK 2,KD21,SURYOPRANOTO [SRYO],KZ01,K930
SELASA WEEK 2,J848,JUANDA 3 [JND3],KZ01,K930
SELASA WEEK 2,KD94,BATU TULIS RAYA [BUTY],KZ01,K930
SELASA WEEK 2,J233,PECENONGAN [PCNN],KZ01,K930
SELASA WEEK 2,KE97,PECENONGAN 46 [PN46],KZ01,K930
SELASA WEEK 2,KD02,JUANDA 2 [JDA2],KZ01,K930
SELASA WEEK 2,K316,SUKARJO WIRYO P [SWP],KZ01,K930
SELASA WEEK 2,KF31,ANTARA 67 [ANTR],KZ01,K930
SELASA WEEK 2,KD06,PASAR BARU [PABR],KZ01,K930
SELASA WEEK 2,J737,GEREJA AYAM [GEYA],KZ01,K930
SELASA WEEK 2,J630,LONTAR RAYA [LRRA],KZ01,K930
RABU WEEK 2,J841,BENDUNGAN JT LUHUR [BJTL],KZ01,K930
RABU WEEK 2,K883,RAWA BELONG 3 [RWB3],KZ01,K930
RABU WEEK 2,KF34,KEBON JERUK RAYA 01A [KR01],KZ01,K930
RABU WEEK 2,K288,KEBON JERUK RAYA 2 [KJR2],KZ01,K930
RABU WEEK 2,KF66,RAWA BELONG 7 [RBG7],KZ01,K930
RABU WEEK 2,K922,PANJANG KELAPA DUA [PLDA],KZ01,K930
RABU WEEK 2,K734,MASJID AS SURUR[MASR],KZ01,K930
RABU WEEK 2,K504,KBN JERUK RAYA 3 [KJR3],KZ01,K930
RABU WEEK 2,KE09,PANJANG KEBON JRK 3 [PGKJ],KZ01,K930
RABU WEEK 2,KB71,PERJUANGAN KBN JRK 2 [PERJ],KZ01,K930
RABU WEEK 2,KD49,PERJUANGAN KBN JERUK [PNKJ],KZ01,K930
RABU WEEK 2,KD73,PERJUANGAN KBN JRK 3 [PJKK],KZ01,K930
RABU WEEK 2,K577,LAPANGAN BOLA [LPBA],KZ01,K930
RABU WEEK 2,KD30,ARTERI KELAPA DUA [ARTE],KZ01,K930
RABU WEEK 2,K940,JL. ANGGREK [AGRE],KZ01,K930
RABU WEEK 2,KF47,HARUN RAYA [HNRY],KZ01,K930
RABU WEEK 2,KE28,ISA [ISA],KZ01,K930
RABU WEEK 2,K409,SULAIMAN [IMAN],KZ01,K930
RABU WEEK 2,KD54,SALAM RAYA [SALR],KZ01,K930
RABU WEEK 2,KE45,ANGGREK CAKRA 19 [ANCA],KZ01,K930
KAMIS WEEK 2,KE31,PEJOMPONGAN 3 [PEPO],KZ01,K930
KAMIS WEEK 2,KE39,ANGGREK CENDRAWSH 50 [ANCE],KZ01,K930
KAMIS WEEK 2,K583,ANGGREK ROSLIANA [ROSA],KZ01,K930
KAMIS WEEK 2,K284,ANGGREK GARUDA/F [AKGA],KZ01,K930
KAMIS WEEK 2,K186,ANGGREK GARUDA [AGGD],KZ01,K930
KAMIS WEEK 2,KB18,KEMANGGISAN 6 [KMG6],KZ01,K930
KAMIS WEEK 2,KC36,BATUSARI KEMANGGISAN [BSKG],KZ01,K930
KAMIS WEEK 2,J813,PENJERNIHAN 2 [PJN2],KZ01,K930
KAMIS WEEK 2,KF04,SYAHDAN RAYA/F [SHYA],KZ01,K930
KAMIS WEEK 2,K511,SYAHDAN [SYDN],KZ01,K930
KAMIS WEEK 2,K281,KEMANGGISAN 4 [KMG4],KZ01,K930
KAMIS WEEK 2,K280,KEMANGGISAN [KMSN],KZ01,K930
KAMIS WEEK 2,K360,KEMANGGISAN II/F [KSN2],KZ01,K930
KAMIS WEEK 2,KE13,KEMANGGISAN PULO [KEPU],KZ01,K930
KAMIS WEEK 2,KE71,PALMERAH [PLMH],KZ01,K930
KAMIS WEEK 2,K691,PALMERAH BARAT [PMR],KZ01,K930
KAMIS WEEK 2,KE69,KEMANDORAN PULO 1 [KEP1],KZ01,K930
KAMIS WEEK 2,KB22,PALMERAH BARAT 2 [PLB2],KZ01,K930
KAMIS WEEK 2,KE72,PALMERAH UTARA [PLRU],KZ01,K930
JUMAT WEEK 2,J763,BUDI MULIA AMPERA [BUMA],KZ01,K930
JUMAT WEEK 2,J758,KOMP. LODAN CENTER [LODC],KZ01,K930
JUMAT WEEK 2,J757,MEDITERANIA MARINA [MEMA],KZ01,K930
JUMAT WEEK 2,KC69,INDUSTRI [INDS],KZ01,K930
JUMAT WEEK 2,KF13,RAJAWALI SELATAN 9 [RJSN],KZ01,K930
JUMAT WEEK 2,J428,RAJAWALI SLATAN [RJWS],KZ01,K930
JUMAT WEEK 2,J777,PADEMANGAN [PDMA],KZ01,K930
JUMAT WEEK 2,KD44,HIDUP BARU [HIRU],KZ01,K930
JUMAT WEEK 2,J767,PADEMANGAN 5 [PDM5],KZ01,K930
JUMAT WEEK 2,J761,PADEMANGAN-2 [PDA2],KZ01,K930
JUMAT WEEK 2,KE51,PADEMANGAN 18 [PA18],KZ01,K930
JUMAT WEEK 2,J765,PADEMANGAN 4 [PDM4],KZ01,K930
JUMAT WEEK 2,J762,PADEMANGAN III [PDM3],KZ01,K930
JUMAT WEEK 2,J768,PADEMANGAN 6 [PDM6],KZ01,K930
JUMAT WEEK 2,J766,PADEMANGAN 7 [PDM7],KZ01,K930
JUMAT WEEK 2,J769,AMPERA RAYA 2 [APR2],KZ01,K930
JUMAT WEEK 2,KD86,RUKO PERMATA ANCOL [RPAL],KZ01,K930
JUMAT WEEK 2,EI10,NOTRHLAND [NTLA],KZ01,K930
JUMAT WEEK 2,J764,AMPERA RAYA [AMRA],KZ01,K930
SABTU WEEK 2,KE19,KENDAL 24 [KL24],KZ01,K930
SABTU WEEK 2,KE94,BLORA MENTENG [BOME],KZ01,K930
SABTU WEEK 2,J793,MARTAPURA [MPTA],KZ01,K930
SABTU WEEK 2,KE95,KEBON KACANG 30 [KK30],KZ01,K930
SABTU WEEK 2,J619,KEBON KACANG 9 [KKC9],KZ01,K930
SABTU WEEK 2,J347,KEBON KACANG 2/F [KKC2],KZ01,K930
SABTU WEEK 2,J669,KH. WAHID HASYIM [KWSM],KZ01,K930
SABTU WEEK 2,KD03,SABANG [SABG],KZ01,K930
SABTU WEEK 2,KF79,WAHID HASYIM 161 [WHAY],KZ01,K930
SABTU WEEK 2,J437,TMN KEBON SIRIH/F [TKSH],KZ01,K930
SABTU WEEK 2,J701,KEBON JAHE [KEHE],KZ01,K930
SABTU WEEK 2,KD33,JATI BARU [JABR],KZ01,K930
SABTU WEEK 2,KE63,JATIBARU 64 [JIBU],KZ01,K930
SABTU WEEK 2,KE17,FAHRUDIN 41 [FR41],KZ01,K930
SENIN WEEK 3,KF49,AL BARKAH NO 33 [ALBA],KZ01,K930
SENIN WEEK 3,K802,BARKAH [BKAH],KZ01,K930
SENIN WEEK 3,KE77,BARKAH 2 [BAR2],KZ01,K930
SENIN WEEK 3,KE74,BUKIT DURI UTARA [BIDU],KZ01,K930
SENIN WEEK 3,1MD4,ABDULLAH SYAFEI [ABSY],KZ01,K930
SENIN WEEK 3,K799,BUKIT DURI SELATAN [BDRS],KZ01,K930
SENIN WEEK 3,K874,SAWO KECIK [SWOK],KZ01,K930
SENIN WEEK 3,K798,BUKIT DURI [BDRI],KZ01,K930
SENIN WEEK 3,KE52,BUKIT DURI TANJAKAN [BIIT],KZ01,K930
SENIN WEEK 3,KD58,MINANGKABAU [MING],KZ01,K930
SENIN WEEK 3,K942,MELAYU KECIL [MYUK],KZ01,K930
SENIN WEEK 3,KD90,TEBET UTARA DALAM [TUDA],KZ01,K930
SENIN WEEK 3,KF16,GUDANG PELURU 10 [GAPL],KZ01,K930
SENIN WEEK 3,KD16,SWADAYA [SWDA],KZ01,K930
SELASA WEEK 3,J816,STASIUN GAMBIR 2 [STGR],KZ01,K930
SELASA WEEK 3,J713,STASIUN GAMBIR [SGMR],KZ01,K930
SELASA WEEK 3,J612,SENEN RAYA [SNYA],KZ01,K930
SELASA WEEK 3,KC66,STA. SENEN 2 [STAS],KZ01,K930
SELASA WEEK 3,J676,STASIUN SENEN [SSEN],KZ01,K930
SELASA WEEK 3,KE89,KSB LOKOMART SENEN/F [KLOS],KZ01,K930
SELASA WEEK 3,KE49,BUNGUR RAYA KMY [BUAK],KZ01,JC15
SELASA WEEK 3,KE40,KEPU SELATAN [KESE],KZ01,JC15
SELASA WEEK 3,KE37,KALIBARU TIMUR RAYA [KITA],KZ01,K930
SELASA WEEK 3,J438,KEBON KOSONG RAYA [KBKR],JZ01,K930
SELASA WEEK 3,KF69,KALIBARU TIMUR VI [KBTM],KZ01,JC15
SELASA WEEK 3,KE03,KALIBARU TIMUR 7 [KITU],KZ01,JC15
SELASA WEEK 3,J194,KRAMAT BUNDER [KTRJ],KZ01,K930
SELASA WEEK 3,KF22,BUNGUR 31 [BNG3],KZ01,K930
RABU WEEK 3,KC94,KAMBOJA/F [KAMB],KZ01,K930
RABU WEEK 3,K223,KT BAMBU UTARA I [KBU1],KZ01,K930
RABU WEEK 3,KE56,KOTA BAMBU [KBBU],KZ01,K930
RABU WEEK 3,K226,KOTA BAMBU II [KBU2],KZ01,K930
RABU WEEK 3,KB84,KOTA BAMBU SELATAN [KOBS],KZ01,K930
RABU WEEK 3,KE46,ANDONG 33 [AN33],KZ01,K930
RABU WEEK 3,KE36,BRIGJEN KATAMSO 22 [BIKA],KZ01,K930
RABU WEEK 3,KB13,KS. TUBUN [KTBU],KZ01,K930
RABU WEEK 3,KF15,KS TUBUN 88A [KSUA],KZ01,K930
RABU WEEK 3,KC74,KH. MAS MANSYUR [KHMM],KZ01,K930
RABU WEEK 3,J847,KS.TUBUN 3 [KSN3],KZ01,K930
RABU WEEK 3,J690,KS TUBUN 2 [KST2],KZ01,K930
RABU WEEK 3,KF03,KS TUBUN 107 [KST7],KZ01,K930
RABU WEEK 3,KD07,AIPDA KS TUBUN [AIPD],KZ01,K930
RABU WEEK 3,KE63,JATIBARU 64 [JIBU],KZ01,K930
RABU WEEK 3,J437,TMN KEBON SIRIH/F [TKSH],KZ01,K930
KAMIS WEEK 3,KF27,RADEN SALEH 39 [RDSH],KZ01,K930
KAMIS WEEK 3,KD80,PLAZA KENARI MAS [PLKM],KZ01,K930
KAMIS WEEK 3,J182,PEGANGSAAN BARU [PGSJ],KZ01,K930
KAMIS WEEK 3,J731,MENTENG SQUARE/F [MSQR],KZ01,K930
KAMIS WEEK 3,J687,RUKO KENARI [RKEI],KZ01,K930
KAMIS WEEK 3,J552,KRAMAT IV [KTIV],KZ01,K930
KAMIS WEEK 3,J178,RADEN SALEH [RSHJ],KZ01,K930
KAMIS WEEK 3,KD31,KEMBANG RAYA 2 [KEBG],KZ01,K930
KAMIS WEEK 3,J536,KEMBANG RAYA [KGRY],KZ01,K930
KAMIS WEEK 3,J171,KRAMAT PULO GUNDUL [KPGL],JZ01,K930
KAMIS WEEK 3,KF63,KRAMAT PULO 39 [KMPU ],KZ01,K930
KAMIS WEEK 3,J193,KRAMAT PULO 2 [KPO2],KZ01,K930
KAMIS WEEK 3,KD19,KRAMAT PULO 4 [KRAP],KZ01,K930
KAMIS WEEK 3,KD46,KRAMAT RAYA [KRRA],KZ01,K930
KAMIS WEEK 3,J187,KRAMAT PULO [KRMJ],KZ01,K930
KAMIS WEEK 3,KE44,KRAMAT LONTAR [MALO],KZ01,K930
KAMIS WEEK 3,J530,KRAMAT SENTIONG 2 [KSG2],KZ01,K930
KAMIS WEEK 3,KC76,KRAMAT SENTIONG 3 [KTSG],KZ01,K930
KAMIS WEEK 3,KC54,STA. CIKINI [STAC],KZ01,K930
KAMIS WEEK 3,KC75,SUTAN SYAHRIR [SUSY],KZ01,K930
JUMAT WEEK 3,KF48,MENARA CYBER [MCBR],KZ01,K930
JUMAT WEEK 3,K362,KEBON RAYA [KBRA],KZ01,K930
JUMAT WEEK 3,KF26,DURI RAYA 108 [DRYA],KZ01,K930
JUMAT WEEK 3,K508,KEDOYA DURI 2 [KOR2],KZ01,K930
JUMAT WEEK 3,K289,KEDOYA DURI RAYA [DOYA],KZ01,K930
JUMAT WEEK 3,KC33,PILAR RAYA [PIRY],KZ01,K930
JUMAT WEEK 3,KC84,TAMAN KEDOYA ELOK [TMKE],KZ01,K930
JUMAT WEEK 3,KC49,APARTEMENT METROPARK [APMK],KZ01,K930
JUMAT WEEK 3,K460,KEDOYA RAYA 2 [AYA2],KZ01,K930
JUMAT WEEK 3,K293,KEDOYA RAYA [KDYA],KZ01,K930
JUMAT WEEK 3,KB26,KEDOYA RAYA 3 [KDR3],KZ01,K930
JUMAT WEEK 3,KB94,PANJANG GREEN GARDEN [PAGG],KZ01,K930
JUMAT WEEK 3,KF08,GREEN GARDEN A13 [GA13],KZ01,K930
JUMAT WEEK 3,KB32,KEDOYA GREEN GARDEN [KDGG],KZ01,K930
JUMAT WEEK 3,KC90,DAAN MOGOT KM 11 [DAMT],TZ01,K930
JUMAT WEEK 3,K292,KEDOYA 3 [KDY3],KZ01,K930
JUMAT WEEK 3,KD72,TAMAN RATU INDAH [TRIN],KZ01,K930
JUMAT WEEK 3,KC03,TAMAN RATU [TMNR],KZ01,K930
JUMAT WEEK 3,KD11,RATU MELATI [RAML],KZ01,K930
JUMAT WEEK 3,KD89,GG MACAN 2 [GGM2],KZ01,K930
SABTU WEEK 3,KD32,BEK MURAD [BEKM],KZ01,K930
SABTU WEEK 3,K930,KARBELA 3 [BEL3],KZ01,K930
SABTU WEEK 3,K791,KARBELA/F [BELA],KZ01,K930
SABTU WEEK 3,K792,KARBELA 2 [BEL2],KZ01,K930
SABTU WEEK 3,J937,ANGGREK III [AGK],KZ01,K930
SABTU WEEK 3,K796,KPDK/F [KPDK],KZ01,K930
SABTU WEEK 3,KE86,JL BENDUNGAN JTLUHUR [JLBJ],KZ01,K930
SABTU WEEK 3,J813,PENJERNIHAN 2 [PJN2],KZ01,K930
SABTU WEEK 3,J534,PENJERNIHAN [PJHN],KZ01,K930
SABTU WEEK 3,J874,BENDUNGAN HILIR 3 [BDH3],KZ01,K930
SABTU WEEK 3,KD09,GURU MUGNI 2 [GURU],KZ01,K930
SABTU WEEK 3,K904,GURU MUGNI [GUMU],KZ01,K930
SABTU WEEK 3,KF48,MENARA CYBER [MCBR],KZ01,K930
SABTU WEEK 3,KE31,PEJOMPONGAN 3 [PEPO],KZ01,K930
SABTU WEEK 3,J813,PENJERNIHAN 2 [PJN2],KZ01,K930
SENIN WEEK 4,K900,KEMANGGISAN 5 [KGS5],KZ01,K930
SENIN WEEK 4,KD17,KEMANGGISAN 7 [KMG7],KZ01,K930
SENIN WEEK 4,KB76,BUDHI RAYA [BDIR],KZ01,K930
SENIN WEEK 4,KF54,TANJUNG DUREN BARAT [TNDR],KZ01,K930
SENIN WEEK 4,KC04,TANJUNG DUREN 3 [TJDN],KZ01,K930
SENIN WEEK 4,KC85,KEBON RAYA 2 [KORY],KZ01,K930
SENIN WEEK 4,KF38,MANGGA 01 [MNG1],KZ01,K930
SENIN WEEK 4,KE16,MANGGA 17 [MA17],JZ01,K930
SENIN WEEK 4,KF11,DURI MAS RAYA [DMAY],JZ01,K930
SENIN WEEK 4,KB15,GREEN VILLE 3 [GRV3],JZ01,K930
SENIN WEEK 4,KC10,TANJUNG DUREN UTARA [TJDU],JZ01,K930
SENIN WEEK 4,KD93,TANJUNG DUREN 462 [TADU],JZ01,K930
SENIN WEEK 4,K934,TAMAN DAAN MOGOT [TDMO],JZ01,K930
SENIN WEEK 4,K247,TANJUNG DUREN [TGDN],JZ01,K930
SENIN WEEK 4,K887,MEDIT 1 BOUGENVILLE [M1BE],JZ01,K930
SENIN WEEK 4,K895,APT MEDIT AZALEA [AMAE],JZ01,K930
SENIN WEEK 4,KB93,TANJUNG DUREN TIMUR [TJDT],JZ01,K930
SENIN WEEK 4,KB86,CENTRAL PARK [CRPK],JZ01,K930
SENIN WEEK 4,TC34,MEDITERANIA JASMIN 3 [MEJA],JZ01,K930
SELASA WEEK 4,K904,GURU MUGNI [GUMU],KZ01,K930
SELASA WEEK 4,KB04,DURI SELATAN 2 [DIS2],KZ01,K930
SELASA WEEK 4,K586,TSS DURI SELATAN [TSDS],KZ01,K930
SELASA WEEK 4,K279,RAYA DURI UTARA [RADU],KZ01,K930
SELASA WEEK 4,K196,KRENDANG RAYA [KAYA],KZ01,K930
SELASA WEEK 4,KE62,JEMBATAN BESI 44 [JABI],KZ01,K930
SELASA WEEK 4,KE79,JEMBATAN BESI VIII [JESI],KZ01,K930
SELASA WEEK 4,K194,KALI ANYAR [KLAY],KZ01,K930
SELASA WEEK 4,KF61,LATUMENTEN RAYA [LMTA],KZ01,K930
SELASA WEEK 4,KB12,MAKALIWE 2/F [MKLW],KZ01,K930
SELASA WEEK 4,KC97,MUWARDI/F [MUWA],KZ01,K930
SELASA WEEK 4,KE61,MUWARDI RAYA [MUYA],KZ01,K930
SELASA WEEK 4,K265,DR. SUSILO III [DRS3],KZ01,K930
SELASA WEEK 4,KE06,DR SUSILO RAYA [DSRA],KZ01,K930
SELASA WEEK 4,J910,ANGKE JAYA 3 [AJA3],KZ01,K930
SELASA WEEK 4,K206,ANGKE JAYA [KAGJ],KZ01,K930
SELASA WEEK 4,KA32,PTB ANGKE 3 [PTB3],KZ01,K930
SELASA WEEK 4,K227,ANGKE SAMARASA [AKSA],KZ01,K930
SELASA WEEK 4,KE54,LATUMENTEN ANGKE [LAAN],KZ01,K930
RABU WEEK 4,KC74,KH. MAS MANSYUR [KHMM],KZ01,K930
RABU WEEK 4,K224,KEMENANGAN III [KMN3],KZ01,K930
RABU WEEK 4,K905,PERNIAGAAN [PRGA],KZ01,K930
RABU WEEK 4,KD01,PINTU BESAR [PINT],KZ01,K930
RABU WEEK 4,KD63,TANAH SEREAL 2 [TASE],KZ01,K930
RABU WEEK 4,KD51,JEMBATAN LIMA 6 [JLMA],KZ01,K930
RABU WEEK 4,K249,JEMBATAN LIMA RAYA 3 [JLY3],KZ01,K930
RABU WEEK 4,K179,JEMBATAN LIMA [JBLM],KZ01,K930
RABU WEEK 4,K175,GG. BETET [BTT],KZ01,K930
RABU WEEK 4,KD26,PEKAPURAN/F [PEKR],KZ01,K930
RABU WEEK 4,K233,KEADILAN II [KDL2],KZ01,K930
RABU WEEK 4,K216,KERAJINAN [KRJN],KZ01,K930
RABU WEEK 4,KD74,THALIB [TALB],KZ01,K930
RABU WEEK 4,KE96,KETAPANG UTARA 139 [KU13],KZ01,K930
RABU WEEK 4,K856,GAJAH MADA 2 [GMA2],KZ01,K930
RABU WEEK 4,KB25,GAJAH MADA 3 [GJM3],KZ01,K930
RABU WEEK 4,KF55,JL KEBAHAGIAAN [KBHN],KZ01,K930
RABU WEEK 4,K174,KEAMANAN [KMN],KZ01,K930
RABU WEEK 4,KB47,GAJAH MADA 4 [GJM4],KZ01,K930
RABU WEEK 4,KA52,KEMENANGAN III - 2 [KN32],KZ01,K930
KAMIS WEEK 4,KD92,DR SATRIO [DRSR],KZ01,K930
KAMIS WEEK 4,J662,HARCO MANGGA DUA [HMDA],KZ01,K930
KAMIS WEEK 4,KD82,MANGGA 2 DALAM 2 [M2D2],KZ01,K930
KAMIS WEEK 4,KE14,P. JAYAKARTA/F [PJTA],KZ01,K930
KAMIS WEEK 4,KD91,HARCO MANGGA 2 N 3 [HM23],KZ01,K930
KAMIS WEEK 4,KD40,MANGGA DUA DALAM [MADD],KZ01,K930
KAMIS WEEK 4,J674,SPBU PANGJAY/F [SPJA],KZ01,K930
KAMIS WEEK 4,KD69,PANGERAN JAYAKARTA 4 [PAJT],KZ01,K930
KAMIS WEEK 4,J872,PANGERAN JAYAKARTA 3 [PJKT],KZ01,K930
KAMIS WEEK 4,J213,MANGGA BESAR XIII [MGBJ],KZ01,K930
KAMIS WEEK 4,KF20,MANGGA BESAR IX-105 [MBS9],KZ01,K930
KAMIS WEEK 4,K849,LOKASARI [LOSI],KZ01,K930
KAMIS WEEK 4,KD79,BUNI [BUNI],KZ01,K930
KAMIS WEEK 4,KD57,MANGGA BESAR I [MABR],KZ01,K930
KAMIS WEEK 4,KE08,KEBON JERUK XIV [KEJE],KZ01,K930
KAMIS WEEK 4,K481,KEBON JERUK IX 2 [JIX2],KZ01,K930
KAMIS WEEK 4,K294,KEBON JERUK IX [KJIX],KZ01,K930
KAMIS WEEK 4,KF30,HAYAM WURUK 65 [HYRK],KZ01,K930
KAMIS WEEK 4,J520,HAYAM WURUK [HYMW],KZ01,K930
KAMIS WEEK 4,K943,SENI BUDAYA JLMBAR 2 [SNBA],KZ01,K930
JUMAT WEEK 4,KD21,SURYOPRANOTO [SRYO],KZ01,K930
JUMAT WEEK 4,J210,MUSI [MSI],KZ01,K930
JUMAT WEEK 4,KD50,MUSI 2 [MUSI],KZ01,K930
JUMAT WEEK 4,KC73,KOTA BARU [KTAB],KZ01,K930
JUMAT WEEK 4,KF77,CIDENG TIMUR 67 [CDTM],KZ01,K930
JUMAT WEEK 4,KD20,IMAM MAHBUD [IMAM],KZ01,K930
JUMAT WEEK 4,K189,DURI SELATAN [DUSE],KZ01,K930
JUMAT WEEK 4,J930,TANAH SEREAL [TNS],KZ01,K930
JUMAT WEEK 4,J215,PEMBANGUNAN I [PGNI],KZ01,K930
JUMAT WEEK 4,J670,PEMBANGUNAN 2 [PMB2],KZ01,K930
JUMAT WEEK 4,KB04,DURI SELATAN 2 [DIS2],KZ01,K930
JUMAT WEEK 4,J733,KAJI [KAJ],KZ01,K930
JUMAT WEEK 4,K198,TAWAKAL RAYA [TWRY],KZ01,K930
JUMAT WEEK 4,K592,TAWAKAL 3 [TWL3],KZ01,K930
JUMAT WEEK 4,KF78,BIAK 35 [BIA3],KZ01,K930
JUMAT WEEK 4,KE92,RAWA KEPA 39 [RK39],KZ01,K930
JUMAT WEEK 4,K509,RAWA KEPA 2 [RWK2],KZ01,KF84
JUMAT WEEK 4,KF07,MANDALA 37 [MA37],KZ01,K930
SABTU WEEK 4,K942,MELAYU KECIL [MYUK],KZ01,K930
SABTU WEEK 4,KF16,GUDANG PELURU 10 [GAPL],KZ01,K930
SABTU WEEK 4,KF24,ASEM BARIS NO.15 [ABRS],KZ01,K930
SABTU WEEK 4,KE57,ASEM BARIS/F [AMBS],KZ01,K930
SABTU WEEK 4,KE80,ASEM BARIS 9 [ABA9],KZ01,K930
SABTU WEEK 4,KB97,ASEM BARIS 3 [ASBR],KZ01,K930
SABTU WEEK 4,KF29,ASEM BARIS 28 [ASBI],KZ01,K930
SABTU WEEK 4,KC16,ASEM BARIS 2 [ASMB],KZ01,K930
SABTU WEEK 4,J838,STA CAWANG [STCW],KZ01,K930
SABTU WEEK 4,KE91,JL H 28 KEBON BARU [JHKB],KZ01,K930
SABTU WEEK 4,KD90,TEBET UTARA DALAM [TUDA],KZ01,K930
SABTU WEEK 4,K805,TEBET RAYA [TBET],KZ01,K930
SABTU WEEK 4,KA33,TEBET TIMUR RAYA [TBTR],KZ01,K930
SABTU WEEK 4,K804,PSPT TEBET [PSPT],KZ01,K930
SABTU WEEK 4,KF51,TEBET TIMUR DALAM 61 [TIML],KZ01,K930
SENIN WEEK 5,KF49,AL BARKAH NO 33 [ALBA],KZ01,K930
SENIN WEEK 5,K802,BARKAH [BKAH],KZ01,K930
SENIN WEEK 5,KE77,BARKAH 2 [BAR2],KZ01,K930
SENIN WEEK 5,KE74,BUKIT DURI UTARA [BIDU],KZ01,K930
SENIN WEEK 5,1MD4,ABDULLAH SYAFEI [ABSY],KZ01,K930
SENIN WEEK 5,K799,BUKIT DURI SELATAN [BDRS],KZ01,K930
SENIN WEEK 5,K874,SAWO KECIK [SWOK],KZ01,K930
SENIN WEEK 5,K798,BUKIT DURI [BDRI],JZ01,K930
SENIN WEEK 5,KE52,BUKIT DURI TANJAKAN [BIIT],JZ01,K930
SENIN WEEK 5,KD58,MINANGKABAU [MING],JZ01,K930
SENIN WEEK 5,K942,MELAYU KECIL [MYUK],JZ01,K930
SENIN WEEK 5,KD90,TEBET UTARA DALAM [TUDA],JZ01,K930
SENIN WEEK 5,K805,TEBET RAYA [TBET],JZ01,K930
SENIN WEEK 5,KA33,TEBET TIMUR RAYA [TBTR],JZ01,K930
SENIN WEEK 5,K804,PSPT TEBET [PSPT],JZ01,K930
SENIN WEEK 5,KF51,TEBET TIMUR DALAM 61 [TIML],JZ01,K930
SENIN WEEK 5,KF16,GUDANG PELURU 10 [GAPL],JZ01,K930
SENIN WEEK 5,KD36,TEBET BARAT [TEBE],KZ01,K930
SENIN WEEK 5,K864,SOEPOMO/F [SPOM],KZ01,K930
SENIN WEEK 5,KD16,SWADAYA [SWDA],KZ01,K930
SELASA WEEK 5,J816,STASIUN GAMBIR 2 [STGR],KZ01,K930
SELASA WEEK 5,J713,STASIUN GAMBIR [SGMR],KZ01,K930
SELASA WEEK 5,J612,SENEN RAYA [SNYA],KZ01,K930
SELASA WEEK 5,KC66,STA. SENEN 2 [STAS],KZ01,K930
SELASA WEEK 5,J676,STASIUN SENEN [SSEN],KZ01,K930
SELASA WEEK 5,KE89,KSB LOKOMART SENEN/F [KLOS],KZ01,K930
SELASA WEEK 5,KE49,BUNGUR RAYA KMY [BUAK],KZ01,JC15
SELASA WEEK 5,J601,BUNGUR BESAR [BRBS],KZ01,JC15
SELASA WEEK 5,KE40,KEPU SELATAN [KESE],KZ01,JC15
SELASA WEEK 5,KE37,KALIBARU TIMUR RAYA [KITA],KZ01,K930
SELASA WEEK 5,J438,KEBON KOSONG RAYA [KBKR],JZ01,K930
SELASA WEEK 5,KF69,KALIBARU TIMUR VI [KBTM],KZ01,JC15
SELASA WEEK 5,J918,KALIBARU TIMUR 5 [KLT5],KZ01,JC15
SELASA WEEK 5,KE03,KALIBARU TIMUR 7 [KITU],KZ01,JC15
SELASA WEEK 5,J194,KRAMAT BUNDER [KTRJ],KZ01,K930
SELASA WEEK 5,J410,KEMAYORAN KETAPANG [KNKG],JZ01,JC15
SELASA WEEK 5,J526,H. UNG [HUG],JZ01,JC15
SELASA WEEK 5,J201,UTAN PANJANG [UTP],JZ01,JC15
SELASA WEEK 5,J724,UTAN PANJANG III [UPJ3],JZ01,JC15
SELASA WEEK 5,JC82,TIMAH RAYA [TIMR],JZ01,JC15
RABU WEEK 5,KC94,KAMBOJA/F [KAMB],KZ01,K930
RABU WEEK 5,K223,KT BAMBU UTARA I [KBU1],KZ01,K930
RABU WEEK 5,KE56,KOTA BAMBU [KBBU],KZ01,K930
RABU WEEK 5,K226,KOTA BAMBU II [KBU2],KZ01,K930
RABU WEEK 5,KB84,KOTA BAMBU SELATAN [KOBS],KZ01,K930
RABU WEEK 5,KE46,ANDONG 33 [AN33],KZ01,K930
RABU WEEK 5,KE36,BRIGJEN KATAMSO 22 [BIKA],KZ01,K930
RABU WEEK 5,KB13,KS. TUBUN [KTBU],KZ01,K930
RABU WEEK 5,KF15,KS TUBUN 88A [KSUA],KZ01,K930
RABU WEEK 5,KC74,KH. MAS MANSYUR [KHMM],KZ01,K930
RABU WEEK 5,J847,KS.TUBUN 3 [KSN3],KZ01,K930
RABU WEEK 5,J690,KS TUBUN 2 [KST2],KZ01,K930
RABU WEEK 5,KF03,KS TUBUN 107 [KST7],KZ01,K930
RABU WEEK 5,KD07,AIPDA KS TUBUN [AIPD],KZ01,K930
RABU WEEK 5,KD33,JATI BARU [JABR],KZ01,K930
RABU WEEK 5,KE63,JATIBARU 64 [JIBU],KZ01,K930
RABU WEEK 5,KD55,STA-TANAH ABANG [STTH],KZ01,K930
RABU WEEK 5,J701,KEBON JAHE [KEHE],KZ01,K930
RABU WEEK 5,KE17,FAHRUDIN 41 [FR41],KZ01,K930
RABU WEEK 5,J437,TMN KEBON SIRIH/F [TKSH],KZ01,K930
KAMIS WEEK 5,KF27,RADEN SALEH 39 [RDSH],KZ01,K930
KAMIS WEEK 5,KD80,PLAZA KENARI MAS [PLKM],KZ01,K930
KAMIS WEEK 5,J182,PEGANGSAAN BARU [PGSJ],KZ01,K930
KAMIS WEEK 5,J731,MENTENG SQUARE/F [MSQR],KZ01,K930
KAMIS WEEK 5,J687,RUKO KENARI [RKEI],KZ01,K930
KAMIS WEEK 5,J552,KRAMAT IV [KTIV],KZ01,K930
KAMIS WEEK 5,J178,RADEN SALEH [RSHJ],KZ01,K930
KAMIS WEEK 5,KD31,KEMBANG RAYA 2 [KEBG],KZ01,K930
KAMIS WEEK 5,J536,KEMBANG RAYA [KGRY],KZ01,K930
KAMIS WEEK 5,J171,KRAMAT PULO GUNDUL [KPGL],KZ01,K930
KAMIS WEEK 5,KF63,KRAMAT PULO 39 [KMPU ],KZ01,K930
KAMIS WEEK 5,J193,KRAMAT PULO 2 [KPO2],KZ01,K930
KAMIS WEEK 5,KD19,KRAMAT PULO 4 [KRAP],KZ01,K930
KAMIS WEEK 5,KD46,KRAMAT RAYA [KRRA],KZ01,K930
KAMIS WEEK 5,J187,KRAMAT PULO [KRMJ],KZ01,K930
KAMIS WEEK 5,KE44,KRAMAT LONTAR [MALO],KZ01,K930
KAMIS WEEK 5,J530,KRAMAT SENTIONG 2 [KSG2],KZ01,K930
KAMIS WEEK 5,KC76,KRAMAT SENTIONG 3 [KTSG],KZ01,K930
KAMIS WEEK 5,KC54,STA. CIKINI [STAC],KZ01,K930
KAMIS WEEK 5,KC75,SUTAN SYAHRIR [SUSY],KZ01,K930
JUMAT WEEK 5,K881,MANGGA BESAR RAYA 2 [MBS2],KZ01,K930
JUMAT WEEK 5,KB91,MABES D LAPAN [MBDN],KZ01,K930
JUMAT WEEK 5,J680,STA MABES UTARA [SMBU],KZ01,K930
JUMAT WEEK 5,K238,MANGGA BESAR 8 [MGG8],KZ01,K930
JUMAT WEEK 5,KE53,MANGGA BESAR TMNSARI [MBTA],KZ01,K930
JUMAT WEEK 5,KB78,MANGGA BESAR 6 [MABS],KZ01,K930
JUMAT WEEK 5,KE34,DWI WARNA 3 [DIWA],KZ01,K930
JUMAT WEEK 5,J913,DWI WARNA [DWWN],KZ01,K930
JUMAT WEEK 5,J817,DWI WARNA 2 [DWRN],KZ01,K930
JUMAT WEEK 5,KD56,KARANG ANYAR 2 [KANY],KZ01,K930
JUMAT WEEK 5,J214,KARANG ANYAR [KGRJ],KZ01,K930
JUMAT WEEK 5,KE35,LAUTZE 75 [LA75],KZ01,K930
JUMAT WEEK 5,J216,KREKOT BUNDER [KTBR],KZ01,K930
JUMAT WEEK 5,J664,LAUTZE [LTZE],KZ01,K930
JUMAT WEEK 5,KD25,KARTINI [ARNI],KZ01,K930
JUMAT WEEK 5,KE68,SAMANHUDI RAYA [SAAY],KZ01,K930
JUMAT WEEK 5,J871,GUNUNG SAHARI 2 [GSR2],KZ01,K930
JUMAT WEEK 5,KE65,GUNUNG SAHARI RAYA [GUSY],KZ01,K930
JUMAT WEEK 5,J387,GUNUNG SAHARI [GSHI],KZ01,K930
JUMAT WEEK 5,KF22,BUNGUR 31 [BNG3],KZ01,K930
SABTU WEEK 5,KD32,MENTENG PULO [MEPU],KZ01,K930
SABTU WEEK 5,K930,LONTAR [LONT],KZ01,K930
SABTU WEEK 5,K791,MENTENG ATS SLATAN 3 [MESA],KZ01,K930
SABTU WEEK 5,K792,MENTENG ATAS [MTAS],KZ01,K930
SABTU WEEK 5,J937,MURIA TANJAKAN 6 [MIKA],KZ01,K930
SABTU WEEK 5,K796,SAWAH LUNTO [SATO],KZ01,K930
SABTU WEEK 5,KE86,MENTENG WADAS 12/F [MENT],KZ01,K930
SABTU WEEK 5,J813,MINANGKABAU [MING],KZ01,K930
SABTU WEEK 5,J532,SWADAYA [SWDA],KZ01,K930
SABTU WEEK 5,J874,AL BARKAH NO 33 [ALBA],KZ01,K930
SABTU WEEK 5,KD09,BARKAH [BKAH],KZ01,K930
SABTU WEEK 5,K904,BARKAH 2 [BAR2],KZ01,K930
SABTU WEEK 5,KF48,BUKIT DURI UTARA [BIDU],KZ01,K930
SABTU WEEK 5,KE31,ABDULLAH SYAFEI [ABSY],KZ01,K930
SABTU WEEK 5,J534,BUKIT DURI SELATAN [BDRS],KZ01,K930