[
  {
    "id": "CD-004",
    "product_name": "Cimory Eat Milk Puding Susu Rasa Cokelat 80 g",
    "is_core": true
  },
  {
    "id": "CD-005",
    "product_name": "Cimory Eat Milk Puding Susu Rasa Cokelat Hazelnut 80 g",
    "is_core": true
  },
  {
    "id": "CD-006",
    "product_name": "Cimory Eat Milk Puding Susu Rasa Marie Biskuit 80 g",
    "is_core": true
  },
  {
    "id": "KM-068",
    "product_name": "Kanzler Singles Bakso Gochujang 55 g",
    "is_core": true
  },
  {
    "id": "S-058",
    "product_name": "Cimory Susu UHT Cokelat Kotak 750 ml",
    "is_core": true
  },
  {
    "id": "S-061",
    "product_name": "Cimory Susu UHT Cokelat Almond Kotak 750 ml",
    "is_core": true
  },
  {
    "id": "YD-138",
    "product_name": "Cimory Yogurt Stik Rasa Brown Sugar 40 g",
    "is_core": true
  },
  {
    "id": "YD-141",
    "product_name": "Cimory Yogurt Bites Berry Blend 120 g",
    "is_core": true
  },
  {
    "id": "YD-143",
    "product_name": "Cimory Yogurt Bites Stroberi Mangga 120 g",
    "is_core": true
  },
  {
    "id": "YD-098",
    "product_name": "Cimory Minuman Yogurt Bluberi 240 ml",
    "is_core": true
  },
  {
    "id": "YD-093",
    "product_name": "Cimory Minuman Yogurt Stroberi 240 ml",
    "is_core": true
  },
  {
    "id": "YD-097",
    "product_name": "Cimory Minuman Yogurt Mix Fruits 240 ml",
    "is_core": true
  },
  {
    "id": "YD-100",
    "product_name": "Cimory Minuman Yogurt Mixed Berry 240 ml",
    "is_core": true
  },
  {
    "id": "YD-099",
    "product_name": "Cimory Minuman Yogurt Original 240 ml",
    "is_core": true
  },
  {
    "id": "YD-104",
    "product_name": "Cimory Minuman Yogurt Low Fat Stroberi & Mangga 240 ml",
    "is_core": true
  },
  {
    "id": "YD-065",
    "product_name": "Cimory Yogurt Squeeze Original 120 g",
    "is_core": true
  },
  {
    "id": "YD-066",
    "product_name": "Cimory Yogurt Squeeze Stroberi 120 g",
    "is_core": true
  },
  {
    "id": "YD-067",
    "product_name": "Cimory Yogurt Squeeze Bluberi 120 g",
    "is_core": true
  },
  {
    "id": "YD-091",
    "product_name": "Cimory Yogurt Squeeze Ketan Mangga 120 g",
    "is_core": true
  },
  {
    "id": "YD-113",
    "product_name": "Cimory Yogurt Squeeze Brown Sugar 120 g",
    "is_core": true
  },
  {
    "id": "YD-144",
    "product_name": "Cimory Yogurt Bites Stroberi 120 g",
    "is_core": true
  },
  {
    "id": "YD-145",
    "product_name": "Cimory Yogurt Bites Bluberi 120 g",
    "is_core": true
  },
  {
    "id": "YD-139",
    "product_name": "Cimory Yogurt Bites Yuzu 120 g",
    "is_core": true
  },
  {
    "id": "YD-142",
    "product_name": "Cimory Yogurt Bites Stroberi Leci 120 g",
    "is_core": true
  },
  {
    "id": "YD-124",
    "product_name": "Cimory Yogurt Stik Rasa Stroberi 40 g",
    "is_core": true
  },
  {
    "id": "YD-126",
    "product_name": "Cimory Yogurt Stik Rasa Bluberi 40 g",
    "is_core": true
  },
  {
    "id": "YD-127",
    "product_name": "Cimory Yogurt Stik Rasa Original 40 g",
    "is_core": true
  },
  {
    "id": "YD-136",
    "product_name": "Cimory Yogurt Stik Rasa Ketan Mangga 40 g",
    "is_core": true
  },
  {
    "id": "KM-046",
    "product_name": "Kanzler Singles Sosis Sapi & Ayam Keju 65 g",
    "is_core": true
  },
  {
    "id": "KM-045",
    "product_name": "Kanzler Singles Sosis Sapi & Ayam Original 65 g",
    "is_core": true
  },
  {
    "id": "KM-047",
    "product_name": "Kanzler Singles Sosis Sapi & Ayam Mini 65 g",
    "is_core": true
  },
  {
    "id": "KM-053",
    "product_name": "Kanzler Singles Sosis Sapi & Ayam Pedas 65 g",
    "is_core": true
  },
  {
    "id": "KM-061",
    "product_name": "Kanzler Singles Sosis Sapi & Ayam Gochujang 60 g",
    "is_core": true
  },
  {
    "id": "KM-057",
    "product_name": "Kanzler Bakso Original 48 g",
    "is_core": true
  },
  {
    "id": "KM-058",
    "product_name": "Kanzler Bakso Keju 48 g",
    "is_core": true
  },
  {
    "id": "KM-060",
    "product_name": "Kanzler Bakso Pedas 48 g",
    "is_core": true
  },
  {
    "id": "YD-111",
    "product_name": "Cimory Minuman Yogurt Mini Blueberry 4 x 65 ml",
    "is_core": true
  },
  {
    "id": "YD-112",
    "product_name": "Cimory Minuman Yogurt Mini Stroberi 4 x 65 ml",
    "is_core": true
  },
  {
    "id": "S-015",
    "product_name": "Cimory Susu UHT Cokelat 250 ml",
    "is_core": true
  },
  {
    "id": "S-034",
    "product_name": "Cimory Susu UHT Bebas Laktosa Kotak 250 ml",
    "is_core": true
  },
  {
    "id": "S-024",
    "product_name": "Cimory Susu UHT Cokelat Hazelnut Kotak 250 ml",
    "is_core": true
  },
  {
    "id": "S-027",
    "product_name": "Cimory Susu UHT Malt Cokelat Kotak 250 ml",
    "is_core": true
  },
  {
    "id": "S-025",
    "product_name": "Cimory Susu UHT Cokelat Almond Kotak 250 ml",
    "is_core": true
  },
  {
    "id": "S-026",
    "product_name": "Cimory Susu UHT Cokelat Cashew Kotak 250 ml",
    "is_core": true
  },
  {
    "id": "S-031",
    "product_name": "Cimory Susu UHT Biskuit Marie 250 ml",
    "is_core": true
  },
  {
    "id": "S-045",
    "product_name": "Cimory Susu UHT Biskuit Marie 250 ml",
    "is_core": true
  },
  {
    "id": "S-018",
    "product_name": "Cimory Susu UHT Stroberi 250 ml",
    "is_core": true
  },
  {
    "id": "S-035",
    "product_name": "Cimory Susu UHT Cokelat Tiramisu 250 ml",
    "is_core": true
  },
  {
    "id": "S-038",
    "product_name": "Cimory Susu UHT Choco Mint Kotak 250 ml",
    "is_core": true
  },
  {
    "id": "S-016",
    "product_name": "Cimory Susu UHT Matcha 250 ml",
    "is_core": true
  },
  {
    "id": "S-022",
    "product_name": "Cimory Susu UHT Cokelat Kotak 125 ml",
    "is_core": true
  },
  {
    "id": "S-056",
    "product_name": "Cimory Susu UHT Milk Tea 250 ml",
    "is_core": true
  },
  {
    "id": "S-057",
    "product_name": "Cimory Susu UHT Thai Tea 250 ml",
    "is_core": true
  },
  {
    "id": "KM-065",
    "product_name": "Kanzler Singles Sosis Sapi & Ayam Keju 65 g",
    "is_core": true
  },
  {
    "id": "KM-037",
    "product_name": "Kanzler Naget Ayam Original 450 g",
    "is_core": false
  },
  {
    "id": "KM-062",
    "product_name": "Kanzler Naget Ayam Krispi 450 g",
    "is_core": false
  },
  {
    "id": "KM-052",
    "product_name": "Kanzler Sosis Sapi Coktail 250 g",
    "is_core": false
  },
  {
    "id": "KM-054",
    "product_name": "Kanzler Stik Naget Ayam Krispi 450 g",
    "is_core": false
  },
  {
    "id": "KM-066",
    "product_name": "Kanzler Naget Ayam Krispi Pedas 450 g",
    "is_core": false
  }
]